ClassID,ColorIndex,DeadHideTime,DeadHideBlendTime,MoveCompleteLoop,TopOffset,MidOffset,BtmOffset,ShadowHideTime,WlkAniSPD,RunAniSPD,ClassName,RootName,FileName,Effect,UseDeadColor,HitSound,DeadSound,AutoJump
0,0,0,0,0,0,0,0,0,0,0,PC_WAR_M,Warrior_m,warrior_m,,YES,,,YES
0,0,0,0,0,0,0,0,0,0,0,PC_WAR_F,Warrior_f,warrior_f,,YES,,,YES
0,0,0,0,0,0,0,0,0,0,0,PC_WIZ_M,Wizard_m,wiz_m,,YES,,,YES
0,0,0,0,0,0,0,0,0,0,0,PC_WIZ_F,Wizard_f,wiz_f,,YES,,,YES
0,0,0,0,0,0,0,0,0,0,0,PC_ARC_M,Archer_m,archer_m,,YES,,,YES
0,0,0,0,0,0,0,0,0,0,0,PC_ARC_F,Archer_f,archer_f,,YES,,,YES
0,0,0,0,0,0,0,0,0,0,0,PC_CLR_M,Cleric_m,Cleric_m,,YES,,,YES
0,0,0,0,0,0,0,0,0,0,0,PC_CLR_F,Cleric_f,Cleric_f,,YES,,,YES
0,0,0,0,0,0,0,0,0,0,0,PC_SOR_M,Sorcerer_m,sorcerer_m,,YES,,,YES
0,0,0,0,0,0,0,0,0,0,0,PC_SOR_F,Sorcerer_f,sorcerer_f,,YES,,,YES
20576,0,0,0,0,0,0,0,0,0,0,Onion_Red,onion,monster_onion,,YES,,,YES
20608,0,0,0,0,0,0,0,0,0,0,Onion_Red_Elite,onion,monster_onion,F_smoke092_orange,YES,,,YES
20640,0,0,0,0,0,0,0,0,0,0,POnion,onion,monster_onion,,YES,,,YES
22400,0,0,0,0,0,0,0,0,0,0,Hanaming,hanaming,monster_hanaming,,YES,,,YES
23072,0,0,0,0,0,0,0,0,0,0,Chupacabra_Blue,chupacabra_blue,monster_chupacabra_blue,,YES,,,YES
23136,0,0,0,0,0,0,0,0,0,0,Chupacabra_Gray,chupacabra_gray,monster_chupacabra_gray,,YES,,,YES
23200,0,0,0,0,0,0,0,0,0,0,Chupacabra_Ibory,chupacabra_ibory,monster_chupacabra_ibory,,YES,,,YES
22528,0,0,0,0,0,0,0,0,0,0,bomb,bomb,Bomb2,,YES,,,YES
26624,0,0,0,0,0,0,0,0,0,0,Bomb3,Bomb3,Bomb3,,YES,,,YES
27648,0,0,0,0,0,0,0,0,0,0,apostate_m,apostate_m,monster_apostate_m,,YES,,,YES
28672,0,0,0,0,0,0,0,0,0,0,Bomb4,Bomb4,Bomb4,,YES,,,YES
32768,0,0,0,0,0,0,0,0,0,0,apostate_f,apostate_f,apostate_f,,YES,,,YES
37888,0,0,0,0,0,0,0,0,0,0,monster_soldier,monster_soldier,monster_soldier,,YES,,,YES
38912,0,0,0,0,0,0,0,0,0,0,npc_silvertransporter_m,npc_silvertransporter_m,npc_silvertransporter_m,,YES,,,YES
48128,0,0,0,0,0,0,0,0,0,0,boom,boom,boom,,YES,,,YES
58368,0,0,0,0,0,0,0,0,0,0,MON_FANTOMRUSTNING,MON_FANTOMRUSTNING,MON_FANTOMRUSTNING,,YES,,,YES
59392,0,0,0,0,0,0,0,0,0,0,guard,guard,monster_guard,,YES,,,YES
60416,0,0,0,0,0,0,0,0,0,0,guard2,guard,monster_guard,,YES,,,YES
9216,0,0,0,0,0,0,0,0,0,0,mon_ghost_girl,mon_ghost_girl,mon_ghost_girl,,YES,,,YES
10240,0,0,0,0,0,0,0,0,0,0,GhostGirl,GhostGirl,GhostGirl,,YES,,,YES
20480,0,0,0,0,0,0,0,0,0,0,Monster_Ghost_Boy,Ghost_Boy,Monster_Ghost_Boy,,YES,,,YES
29696,0,0,0,0,0,0,0,0,0,0,phantom_oldwoman,phantom_oldwoman,phantom_oldwoman,,YES,,,YES
39936,0,0,0,0,0,0,0,0,0,0,phantom_oldman,phantom_oldman,phantom_oldman,,YES,,,YES
40960,0,0,0,0,0,0,0,0,0,0,Monster_Ghost_Oldman,Monster_Ghost_Oldman,Monster_Ghost_Oldman,,YES,,,YES
41984,0,0,0,0,0,0,0,0,0,0,Monster_Ghost_Oldman2,Monster_Ghost_Oldman2,Monster_Ghost_Oldman2,,YES,,,YES
44032,0,0,0,0,0,0,0,0,0,0,Monster_Ghost_Oldman3,Monster_Ghost_Oldman3,Monster_Ghost_Oldman3,,YES,,,YES
35840,0,0,0,0,0,0,0,0,0,0,zombie,zombie,monster_zombie,,YES,,,YES
46080,0,0,0,0,0,0,0,0,0,0,mon_centariarde,mon_centariarde,mon_centariarde,,YES,,,YES
56320,0,0,0,0,0,0,0,0,0,0,mon_zombie_hoplite,mon_zombie_hoplite,mon_zombie_hoplite,,YES,,,YES
57344,0,0,0,0,0,0,0,0,0,0,Monster_Zombie_Hoplite,zombie_hoplite,zombie_hoplite,,YES,,,YES
11264,0,0,0,0,0,0,0,0,0,0,book,book,monster_book,,YES,,,YES
21504,0,0,0,0,0,0,0,0,0,0,pumpkin,pumpkin,monster_pumpkin,,YES,mon_pumpkin_hit,mon_pumpkin_dying,YES
12032,0,0,0,0,0,0,0,0,0,0,stoned_1,stoned_1,stoned_1,,YES,,,YES
4096,0,0,0,0,0,0,0,0,0,0,Ghost_Girl,ghost_girl,monster_girl,,YES,,,YES
57344,0,0,0,0,0,0,0,0,0,0,Ghost_Boy,ghost_boy,monster_ghost_boy,,YES,,,YES
14336,0,0,0,0,0,0,0,0,0,0,Ghost_Mother,ghost_mother,monster_mother,,YES,,,YES
2048,0,0,0,0,0,0,0,0,0,0,Ghost_Father,ghost_father,monster_ghost_father,,YES,,,YES
12288,0,0,0,0,0,0,0,0,0,0,Goblin_Elite,goblin_elite,monster_goblin_elite,,YES,,,YES
43008,0,0,0,0,0,0,0,0,0,0,Zombie_Bolt,ZombieBolt_m_basic,ZombieBolt_m_basic,,YES,,,YES
53248,0,0,0,0,0,0,0,0,0,0,Zombie_Berserker,ZombieBerserker_m_basic,ZombieBerserker_m_basic,,YES,,,YES
63488,0,0,0,0,0,0,0,0,0,0,Zombie_Bomber,ZombieBomber_m_basic,ZombieBomber_m_basic,,YES,,,YES
8192,0,0,0,0,0,0,0,0,0,0,Zombie_Archer,zombiearcher_m_basic,zombiearcher_m_basic,,YES,,,YES
13312,0,0,0,0,0,0,0,0,0,0,Zombie_Overwatcher,ZombieOverwatcher_m_basic,ZombieOverwatcher_m_basic,,YES,,,YES
18432,0,0,0,0,0,0,0,0,0,0,Bume_Goblin_Archer,BumeGoblinArcher_m_basic,BumeGoblinArcher_m_basic,,YES,,,YES
19456,0,0,0,0,0,0,0,0,0,0,Bume_Goblin_Archer2,BumeGoblinArcher_m_basic,BumeGoblinArcher_m_basic,,YES,,,YES
20480,0,0,0,0,0,0,0,0,0,0,Bume_Goblin_Archer3,BumeGoblinArcher_m_basic,BumeGoblinArcher_m_basic,,YES,,,YES
28672,0,0,0,0,0,0,0,0,0,0,Bume_Goblin_Spear,BumeGoblinspear_m_basic,BumeGoblinspear_m_basic,,YES,,,YES
38912,0,0,0,0,0,0,0,0,0,0,New_desmodus,desmodus,monster_desmodus,,YES,,,YES
49152,0,0,0,0,0,0,0,0,0,0,Goblin_Spear,goblin2_spear,monster_goblin2_spear,,YES,,,YES
50176,0,0,0,0,0,0,0,0,0,0,Goblin_Spear2,goblin2_spear,monster_goblin2_spear,,YES,,,YES
51200,0,0,0,0,0,0,0,0,0,0,Goblin_Spear3,goblin2_spear,monster_goblin2_spear,,YES,,,YES
52224,0,0,0,0,0,0,0,0,0,0,Goblin_Spear4,goblin2_spear,monster_goblin2_spear,,YES,,,YES
54272,0,0,0,0,0,0,0,0,0,0,Goblin_Miners,Goblin_Miners,monster_Goblin,,YES,,,YES
24576,0,0,0,0,0,0,0,0,0,0,Goblin_Archer,goblin_archer,monster_goblin_archer,,YES,,,YES
25600,0,0,0,0,0,0,0,0,0,0,Goblin_Archer2,goblin_archer,monster_goblin_archer,,YES,,,YES
26624,0,0,0,0,0,0,0,0,0,0,Goblin_Archer3,goblin_archer,monster_goblin_archer,,YES,,,YES
20480,0,0,0,0,0,0,0,0,0,0,Poiming,poiming,monster_poiming,,YES,,,YES
61440,0,0,0,0,0,0,0,0,0,0,EyesOfRagas,eyesof_ragas,monster_eyesof_ragas,,YES,,,YES
6144,0,0,0,0,0,0,0,0,0,0,EyesOfSiknos,eyesof_siknos,monster_eyesof_siknos,,YES,,,YES
16384,0,0,0,0,0,0,0,0,0,0,Prison_Guard,prison_guard,monster_prison_guard,,YES,,,YES
47104,0,0,0,0,0,0,0,0,0,0,Mirtis_eyes,mirtis,monster_mirtis,,YES,,,YES
32768,0,0,0,0,0,0,0,0,0,0,landmine,landmine,monster_landmine,,YES,,,YES
63488,0,0,0,0,0,0,0,0,0,32768,Sakmoli,sakmoli,monster_sakmoli,,YES,,,YES
33792,0,0,0,0,0,0,0,0,0,0,poisonmine,poisonmine,monster_poisonmine,,YES,,,YES
34816,0,0,0,0,0,0,0,0,0,0,claymore,claymore,monster_claymore,,YES,,,YES
35840,0,0,0,0,0,0,0,0,0,0,bagworm,bagworm,monster_bagworm,,YES,,,YES
19456,0,0,0,0,0,0,0,0,0,0,npc_warrior_m,npc_warrior,npc_warrior_m,,YES,,,YES
21504,0,0,0,0,0,0,0,0,0,0,slime_elite_fire,slime_elite_fire,monster_slime_elite_fire,,YES,,,YES
29696,0,0,0,0,0,0,0,0,0,0,statue_angel,statue_angel,moster_statue_angel,,YES,,,YES
30720,0,0,0,0,0,0,0,0,0,0,hall_stone,hall_stone,hall_stone,,YES,,,YES
31744,0,0,0,0,0,0,0,0,0,0,wiz_f_cape_blue,wiz_f_capeblue,wiz_f_cape_blue,,YES,,,YES
32768,0,0,0,0,0,0,0,0,0,0,priest,priest,monster_priest,,YES,,,YES
32768,0,0,0,0,0,0,0,0,0,0,npc_los_emilia,emilia,npc_los_emilia,,YES,,,YES
33280,0,0,0,0,0,0,0,0,0,0,npc_los_officer_m,officer_m,npc_los_officer_m,,YES,,,YES
34304,0,0,0,0,0,0,0,0,0,0,npc_los_officer_f,officer_f,npc_los_officer_f,,YES,,,YES
38400,0,0,0,0,0,0,0,0,0,0,npc_los_soldier_m,soldier_m,npc_los_soldier_m,,YES,,,YES
43520,0,0,0,0,0,0,0,0,0,0,npc_los_soldier_m2,soldier_m2,npc_los_soldier_m2,,YES,,,YES
48640,0,0,0,0,0,0,0,0,0,0,npc_los_soldier_f,soldier_f,npc_los_soldier_f,,YES,,,YES
49152,0,0,0,0,0,0,0,0,0,0,npc_los_loudrup,loudrup,npc_los_loudrup,,YES,,,YES
49664,0,0,0,0,0,0,0,0,0,0,npc_los_danske,danske,npc_los_danske,,YES,,,YES
50176,0,0,0,0,0,0,0,0,0,0,npc_los_zenora,zenora,npc_los_zenora,,YES,,,YES
50688,0,0,0,0,0,0,0,0,0,0,akalabeth,akalabeth,npc_los_akalabeth,,YES,,,YES
51200,0,0,0,0,0,0,0,0,0,0,npc_los_felik,felik,npc_los_felik,,YES,,,YES
51712,0,0,0,0,0,0,0,0,0,0,npc_los_alfonso,alfonso,npc_los_alfonso,,YES,,,YES
54272,0,0,0,0,0,0,0,0,0,0,npc_los_valdemar,valdemar,npc_los_valdemar,,YES,,,YES
54784,0,0,0,0,0,0,0,0,0,0,npc_los_hippoltus,hippoltus,npc_los_hippoltus,,YES,,,YES
55296,0,0,0,0,0,0,0,0,0,0,npc_los_krimhilt,krimhilt,npc_los_krimhilt,,YES,,,YES
55808,0,0,0,0,0,0,0,0,0,0,npc_los_anastasia,anastasia,npc_los_anastasia,,YES,,,YES
56320,0,0,0,0,0,0,0,0,0,0,npc_los_dioscorus,dioscorus,npc_los_dioscorus,,YES,,,YES
56832,0,0,0,0,0,0,0,0,0,0,npc_los_raima,raima,npc_los_raima,,YES,,,YES
57344,0,0,0,0,0,0,0,0,0,0,npc_los_littlegirl,littlegirl,npc_los_littlegirl,,YES,,,YES
57856,0,0,0,0,0,0,0,0,0,0,npc_los_littlegirlA,littlegirl,npc_los_littlegirlA,,YES,,,YES
58368,0,0,0,0,0,0,0,0,0,0,npc_los_guildcounter,guildcounter,npc_los_guildcounter,,YES,,,YES
59392,0,0,0,0,0,0,0,0,0,0,npc_globes,globes,npc_globes,,YES,,,YES
59904,0,0,0,0,0,0,0,0,0,0,npc_los_rubenis,rubenis,npc_los_rubenis,,YES,,,YES
60416,0,0,0,0,0,0,0,0,0,0,npc_bourgeois_male,bourgeois_male,npc_bourgeois_male,,YES,,,YES
60928,0,0,0,0,0,0,0,0,0,0,npc_los_madam,madam,npc_los_madam,,YES,,,YES
61440,0,0,0,0,0,0,0,0,0,0,npc_huntermaster,npc_huntermaster,npc_huntermaster,,YES,,,YES
61952,0,0,0,0,0,0,0,0,0,0,npc_archermaster,npc_archermaster,npc_archermaster,,YES,,,YES
62464,0,0,0,0,0,0,0,0,0,0,npc_bocordisciplebody1,npc_bocordisciplebody1,npc_bocordisciplebody1,,YES,,,YES
62976,0,0,0,0,0,0,0,0,0,0,npc_bocordisciplebody2,npc_bocordisciplebody2,npc_bocordisciplebody2,,YES,,,YES
63488,0,0,0,0,0,0,0,0,0,0,npc_bocordisciplegirl,npc_bocordisciplegirl,npc_bocordisciplegirl,,YES,,,YES
64000,0,0,0,0,0,0,0,0,0,0,npc_quarrelmaster,npc_quarrelmaster,npc_quarrelmaster,,YES,,,YES
37376,0,0,0,0,0,0,0,0,0,0,invisible,invisible,invisible,,YES,,,YES
51328,0,0,0,0,0,0,0,0,0,0,Hidden_T0M1_1,Hidden_T0M1_1,Hidden_T0M1_1,,YES,,,YES
51456,0,0,0,0,0,0,0,0,0,0,Jar_T1O1_1,Jar_T1O1_1,Jar_T1O1_1,,YES,,,YES
51584,0,0,0,0,0,0,0,0,0,0,Jar_T2O1_1,Jar_T2O1_1,Jar_T2O1_1,,YES,,,YES
51712,0,0,0,0,0,0,0,0,0,0,Jar_T2O2_1,Jar_T2O2_1,Jar_T2O2_1,,YES,,,YES
51840,0,0,0,0,0,0,0,0,0,0,Jar_T4O1_1,Jar_T4O1_1,Jar_T4O1_1,,YES,,,YES
51968,0,0,0,0,0,0,0,0,0,0,Jar_T5O1_1,Jar_T5O1_1,Jar_T5O1_1,,YES,,,YES
52096,0,0,0,0,0,0,0,0,0,0,Jar_T6O1_1,Jar_T6O1_1,Jar_T6O1_1,,YES,,,YES
52224,0,0,0,0,0,0,0,0,0,0,Jar_T7O1_1,Jar_T7O1_1,Jar_T7O1_1,,YES,,,YES
52352,0,0,0,0,0,0,0,0,0,0,Jar_T8O1_1,Jar_T8O1_1,Jar_T8O1_1,,YES,,,YES
52480,0,0,0,0,0,0,0,0,0,0,Jar_T9O1_1,Jar_T9O1_1,Jar_T9O1_1,,YES,,,YES
52608,0,0,0,0,0,0,0,0,0,0,Lantern_T1O1_1,Lantern_T1O1_1,Lantern_T1O1_1,,YES,,,YES
52736,0,0,0,0,0,0,0,0,0,0,Lantern_T2O1_1,Lantern_T2O1_1,Lantern_T2O1_1,,YES,,,YES
52864,0,0,0,0,0,0,0,0,0,0,Lantern_T3O1_1,Lantern_T3O1_1,Lantern_T3O1_1,,YES,,,YES
52992,0,0,0,0,0,0,0,0,0,0,Lantern_T4O1_1,Lantern_T4O1_1,Lantern_T4O1_1,,YES,,,YES
53120,0,0,0,0,0,0,0,0,0,0,Lantern_T5O1_1,Lantern_T5O1_1,Lantern_T5O1_1,,YES,,,YES
53248,0,0,0,0,0,0,0,0,0,0,Mush_T1O1_1,Mush_T1O1_1,Mush_T1O1_1,,YES,,,YES
53376,0,0,0,0,0,0,0,0,0,0,Mush_T2O1_1,Mush_T2O1_1,Mush_T2O1_1,,YES,,,YES
53504,0,0,0,0,0,0,0,0,0,0,Mush_T3O1_1,Mush_T3O1_1,Mush_T3O1_1,,YES,,,YES
53632,0,0,0,0,0,0,0,0,0,0,Notice_T0M1_1,Notice_T0M1_1,Notice_T0M1_1,,YES,,,YES
53760,0,0,0,0,0,0,0,0,0,0,Ore_T1O1_1,Ore_T1O1_1,Ore_T1O1_1,,YES,,,YES
53888,0,0,0,0,0,0,0,0,0,0,Ore_T2O1_1,Ore_T2O1_1,Ore_T2O1_1,,YES,,,YES
54016,0,0,0,0,0,0,0,0,0,0,Ore_T3O1_1,Ore_T3O1_1,Ore_T3O1_1,,YES,,,YES
54144,0,0,0,0,0,0,0,0,0,0,Ore_T4O1_1,Ore_T4O1_1,Ore_T4O1_1,,YES,,,YES
54272,0,0,0,0,0,0,0,0,0,0,Plant_T1O1_1,Plant_T1O1_1,Plant_T1O1_1,,YES,,,YES
54400,0,0,0,0,0,0,0,0,0,0,Sarcophagus_ZO1_1,Sarcophagus_ZO1_1,Sarcophagus_ZO1_1,,YES,,,YES
54528,0,0,0,0,0,0,0,0,0,0,Tom_T1O1_1,Tom_T1O1_1,Tom_T1O1_1,,YES,,,YES
54656,0,0,0,0,0,0,0,0,0,0,Tom_T2O1_1,Tom_T2O1_1,Tom_T2O1_1,,YES,,,YES
54784,0,0,0,0,0,0,0,0,0,0,Boy_C1N1_1,Boy_C1N1_1,Boy_C1N1_1,,YES,,,YES
54912,0,0,0,0,0,0,0,0,0,0,Donkey_C3N1_1,Donkey_C3N1_1,Donkey_C3N1_1,,YES,,,YES
55040,0,0,0,0,0,0,0,0,0,0,npc_newcostume_m,npc_newcostume_m,npc_newcostume_m,,YES,,,YES
55168,0,0,0,0,0,0,0,0,0,0,npc_newcostume_f,npc_newcostume_f,npc_newcostume_f,,YES,,,YES
55296,0,0,0,0,0,0,0,0,0,0,mandragora1,mandragora1,monster_mandragora1,,YES,,,YES
55424,0,0,0,0,0,0,0,0,0,0,mandragora2,mandragora2,monster_mandragora2,,YES,,,YES
16384,0,0,0,0,0,0,0,0,0,0,Box,Box,Box,,YES,,,YES
18944,0,0,0,0,0,0,0,0,0,0,Table,Table,Table,,YES,,,YES
21504,0,0,0,0,0,0,0,0,0,0,Stone,Stone,Stone,,YES,,,YES
21760,0,0,0,0,0,0,0,0,0,0,Break_stone,Break_stone,Break_stone,,YES,,,YES
24064,0,0,0,0,0,0,0,0,0,0,Treasure_box,Treasure_box,Treasure_box,,YES,,,YES
26624,0,0,0,0,0,0,0,0,0,0,Grating_1,Grating_1,Grating_1,,YES,,,YES
26880,0,0,0,0,0,0,0,0,0,0,Grating_abbey1,Grating_abbey1,Grating_abbey1,,YES,,,YES
27136,0,0,0,0,0,0,0,0,0,0,Grating_2,Grating_2,Grating_2,,YES,,,YES
29184,0,0,0,0,0,0,0,0,0,0,Enchant_gateway,Enchant_gateway,Enchant_gateway,,YES,,,YES
29440,0,0,0,0,0,0,0,0,0,0,Enchant_symbol,Enchant_symbol,Enchant_symbol,,YES,,,YES
31744,0,0,0,0,0,0,0,0,0,0,Holyplace,Holyplace,Holyplace,,YES,,,YES
32000,0,0,0,0,0,0,0,0,0,0,Recover_holyplace,Recover_holyplace,Recover_holyplace,,YES,,,YES
10240,0,0,0,0,0,0,0,0,0,0,D_abbey_statue,D_abbey_statue,D_abbey_statue,,YES,,,YES
12800,0,0,0,0,0,0,0,0,0,0,D_abbey_trap,D_abbey_trap,D_abbey_trap,,YES,,,YES
15360,0,0,0,0,0,0,0,0,0,0,D_castle_handlebar,D_castle_handlebar,D_castle_handlebar,,YES,,,YES
17920,0,0,0,0,0,0,0,0,0,0,D_castle_trap,D_castle_trap,D_castle_trap,,YES,,,YES
20480,0,0,0,0,0,0,0,0,0,0,D_catacomb_stonetrap1,D_catacomb_stonetrap1,D_catacomb_stonetrap1,,YES,,,YES
23040,0,0,0,0,0,0,0,0,0,0,D_catacomb_stonetrap2,D_catacomb_stonetrap2,D_catacomb_stonetrap2,,YES,,,YES
25600,0,0,0,0,0,0,0,0,0,0,D_catacomb_stonetrap3,D_catacomb_stonetrap3,D_catacomb_stonetrap3,,YES,,,YES
28160,0,0,0,0,0,0,0,0,0,0,D_catacomb_stonetrap4,D_catacomb_stonetrap4,D_catacomb_stonetrap4,,YES,,,YES
30720,0,0,0,0,0,0,0,0,0,0,D_catacomb_stonetrap5,D_catacomb_stonetrap5,D_catacomb_stonetrap5,,YES,,,YES
33280,0,0,52429,0,0,0,0,0,0,0,anvil,anvil,anvil,,YES,anvil_hit,anvil_sucess,YES
33536,0,0,0,0,0,0,0,0,0,0,grill,grill,grill,,YES,,,YES
33792,0,0,0,0,0,0,0,0,0,0,lever,lever,lever,,YES,,,YES
34048,0,0,0,0,0,0,0,0,0,0,lever_1,lever_1,lever_1,,YES,,,YES
34304,0,0,0,0,0,0,0,0,0,0,skrik,skrik,skrik,,YES,,,YES
34560,0,0,0,0,0,0,0,0,0,0,flame_of_goddess,flame_of_goddess,goddess,,YES,,,YES
34816,0,0,0,0,0,0,0,0,0,0,bookstand,bookstand,bookstand,,YES,,,YES
35072,0,0,0,0,0,0,0,0,0,0,pond,pond,pond,,YES,,,YES
41984,0,0,0,0,0,0,0,0,0,0,statue_raima,statue_raima,statue_raima,,YES,,,YES
44544,0,0,0,0,0,0,0,0,0,0,statue_zemina,statue_zemina,statue_zemina,,YES,,,YES
47104,0,0,0,0,0,0,0,0,0,0,statue_vakarine,statue_vakarine,statue_vakarine,,YES,,,YES
49664,0,0,0,0,0,0,0,0,0,0,statue_ausrine,statue_ausrine,statue_ausrine,,YES,,,YES
52480,0,0,0,0,0,0,0,0,0,0,cartdummy,cartdummy,npc_m_cartdummy,,YES,,,YES
20224,0,0,0,0,0,0,0,0,0,0,Misc_None,,,,YES,,,YES
20736,0,0,0,0,0,0,0,0,0,0,ore01,ore01,ore01,,YES,,,YES
20992,0,0,0,0,0,0,0,0,0,0,ore02,ore02,ore02,,YES,,,YES
21248,0,0,0,0,0,0,0,0,0,0,ore03,ore03,ore03,,YES,,,YES
21504,0,0,0,0,0,0,0,0,0,0,armor01,armor01,armor01,,YES,,,YES
21760,0,0,0,0,0,0,0,0,0,0,armor02,armor02,armor02,,YES,,,YES
22016,0,0,0,0,0,0,0,0,0,0,armor03,armor03,armor03,,YES,,,YES
22272,0,0,0,0,0,0,0,0,0,0,armor04,armor04,armor04,,YES,,,YES
22528,0,0,0,0,0,0,0,0,0,0,belt01,belt01,belt01,,YES,,,YES
22784,0,0,0,0,0,0,0,0,0,0,belt02,belt02,belt02,,YES,,,YES
23040,0,0,0,0,0,0,0,0,0,0,belt03,belt03,belt03,,YES,,,YES
23296,0,0,0,0,0,0,0,0,0,0,bomb01,bomb01,bomb01,,YES,,,YES
23552,0,0,0,0,0,0,0,0,0,0,boots01,boots01,boots01,,YES,,,YES
23808,0,0,0,0,0,0,0,0,0,0,boots02,boots02,boots02,,YES,,,YES
24064,0,0,0,0,0,0,0,0,0,0,boots03,boots03,boots03,,YES,,,YES
24320,0,0,0,0,0,0,0,0,0,0,cloth01,cloth01,cloth01,,YES,,,YES
24576,0,0,0,0,0,0,0,0,0,0,cloth02,cloth02,cloth02,,YES,,,YES
24832,0,0,0,0,0,0,0,0,0,0,cloth03,cloth03,cloth03,,YES,,,YES
25088,0,0,0,0,0,0,0,0,0,0,fur01,fur01,fur01,,YES,,,YES
25344,0,0,0,0,0,0,0,0,0,0,fur02,fur02,fur02,,YES,,,YES
25600,0,0,0,0,0,0,0,0,0,0,fur03,fur03,fur03,,YES,,,YES
25856,0,0,0,0,0,0,0,0,0,0,glove01,glove01,glove01,,YES,,,YES
26112,0,0,0,0,0,0,0,0,0,0,glove02,glove02,glove02,,YES,,,YES
26368,0,0,0,0,0,0,0,0,0,0,glove03,glove03,glove03,,YES,,,YES
26624,0,0,0,0,0,0,0,0,0,0,hammer01,hammer01,hammer01,,YES,,,YES
26880,0,0,0,0,0,0,0,0,0,0,hammer02,hammer02,hammer02,,YES,,,YES
27136,0,0,0,0,0,0,0,0,0,0,hammer03,hammer03,hammer03,,YES,,,YES
27392,0,0,0,0,0,0,0,0,0,0,hammer04,hammer04,hammer04,,YES,,,YES
27648,0,0,0,0,0,0,0,0,0,0,heart01,heart01,heart01,,YES,,,YES
27904,0,0,0,0,0,0,0,0,0,0,hp01,hp01,hp01,,YES,,,YES
28160,0,0,0,0,0,0,0,0,0,0,hp02,hp02,hp02,,YES,,,YES
28416,0,0,0,0,0,0,0,0,0,0,hp03,hp03,hp03,,YES,,,YES
28672,0,0,0,0,0,0,0,0,0,0,leather01,leather01,leather01,,YES,,,YES
28928,0,0,0,0,0,0,0,0,0,0,leather02,leather02,leather02,,YES,,,YES
29184,0,0,0,0,0,0,0,0,0,0,leather03,leather03,leather03,,YES,,,YES
29440,0,0,0,0,0,0,0,0,0,0,mp01,mp01,mp01,,YES,,,YES
29696,0,0,0,0,0,0,0,0,0,0,mp02,mp02,mp02,,YES,,,YES
29952,0,0,0,0,0,0,0,0,0,0,mp03,mp03,mp03,,YES,,,YES
30208,0,0,0,0,0,0,0,0,0,0,neck01,neck01,neck01,,YES,,,YES
30464,0,0,0,0,0,0,0,0,0,0,neck02,neck02,neck02,,YES,,,YES
30720,0,0,0,0,0,0,0,0,0,0,neck03,neck03,neck03,,YES,,,YES
30976,0,0,0,0,0,0,0,0,0,0,paper01,paper01,paper01,,YES,,,YES
31232,0,0,0,0,0,0,0,0,0,0,paper02,paper02,paper02,,YES,,,YES
31488,0,0,0,0,0,0,0,0,0,0,paper03,paper03,paper03,,YES,,,YES
31744,0,0,0,0,0,0,0,0,0,0,ring01,ring01,ring01,,YES,,,YES
32000,0,0,0,0,0,0,0,0,0,0,ring02,ring02,ring02,,YES,,,YES
32256,0,0,0,0,0,0,0,0,0,0,ring03,ring03,ring03,,YES,,,YES
32512,0,0,0,0,0,0,0,0,0,0,ring04,ring04,ring04,,YES,,,YES
32768,0,0,0,0,0,0,0,0,0,0,robe01,robe01,robe01,,YES,,,YES
33024,0,0,0,0,0,0,0,0,0,0,robe02,robe02,robe02,,YES,,,YES
33280,0,0,0,0,0,0,0,0,0,0,robe03,robe03,robe03,,YES,,,YES
33536,0,0,0,0,0,0,0,0,0,0,robe04,robe04,robe04,,YES,,,YES
33792,0,0,0,0,0,0,0,0,0,0,shield01,shield01,shield01,,YES,,,YES
34048,0,0,0,0,0,0,0,0,0,0,shield02,shield02,shield02,,YES,,,YES
34304,0,0,0,0,0,0,0,0,0,0,shield03,shield03,shield03,,YES,,,YES
34560,0,0,0,0,0,0,0,0,0,0,shield04,shield04,shield04,,YES,,,YES
34816,0,0,0,0,0,0,0,0,0,0,staff01,staff01,staff01,,YES,,,YES
35072,0,0,0,0,0,0,0,0,0,0,staff02,staff02,staff02,,YES,,,YES
35328,0,0,0,0,0,0,0,0,0,0,staff03,staff03,staff03,,YES,,,YES
35584,0,0,0,0,0,0,0,0,0,0,staff04,staff04,staff04,,YES,,,YES
35840,0,0,0,0,0,0,0,0,0,0,stone01,stone01,stone01,,YES,,,YES
36096,0,0,0,0,0,0,0,0,0,0,stone02,stone02,stone02,,YES,,,YES
36352,0,0,0,0,0,0,0,0,0,0,stone03,stone03,stone03,,YES,,,YES
36608,0,0,0,0,0,0,0,0,0,0,suit01,suit01,suit01,,YES,,,YES
36864,0,0,0,0,0,0,0,0,0,0,suit02,suit02,suit02,,YES,,,YES
37120,0,0,0,0,0,0,0,0,0,0,suit03,suit03,suit03,,YES,,,YES
37376,0,0,0,0,0,0,0,0,0,0,suit04,suit04,suit04,,YES,,,YES
37632,0,0,0,0,0,0,0,0,0,0,sword01,sword01,sword01,,YES,,,YES
37888,0,0,0,0,0,0,0,0,0,0,sword02,sword02,sword02,,YES,,,YES
38144,0,0,0,0,0,0,0,0,0,0,sword03,sword03,sword03,,YES,,,YES
38400,0,0,0,0,0,0,0,0,0,0,sword04,sword04,sword04,,YES,,,YES
38656,0,0,0,0,0,0,0,0,0,0,wood01,wood01,wood01,,YES,,,YES
38912,0,0,0,0,0,0,0,0,0,0,wood02,wood02,wood02,,YES,,,YES
39168,0,0,0,0,0,0,0,0,0,0,wood03,wood03,wood03,,YES,,,YES
40704,0,0,0,0,0,0,0,0,0,0,item_bubeshoe,item_bubeshoe,shoe,,YES,,,YES
40960,0,0,0,0,0,0,0,0,0,0,item_bubeshaft,item_bubeshaft,shaft,,YES,,,YES
41216,0,0,0,0,0,0,0,0,0,0,item_bubespearhead,item_bubespearhead,head,,YES,,,YES
41472,0,0,0,0,0,0,0,0,0,0,item_bubespear,item_bubespear,spear,,YES,,,YES
41728,0,0,0,0,0,0,0,0,0,0,bag,bag,bag,,YES,,,YES
41984,0,0,0,0,0,0,0,0,0,0,item_bubebow,item_bubebow,bubebow,,YES,,,YES
42240,0,0,0,0,0,0,0,0,0,0,item_bubearrow,item_bubearrow,bubearrow,,YES,,,YES
42496,0,0,0,0,0,0,0,0,0,0,item_bubebowstring,item_bubebowstring,bubebowstring,,YES,,,YES
42752,0,0,0,0,0,0,0,0,0,0,item_bubegauntlet,item_bubegauntlet,bubegauntlet,,YES,,,YES
43008,0,0,0,0,0,0,0,0,0,0,item_bubemace,item_bubemace,bubemace,,YES,,,YES
43264,0,0,0,0,0,0,0,0,0,0,item_onionpiece,item_onionpiece,onionpiece,,YES,,,YES
43520,0,0,0,0,0,0,0,0,0,0,item_onionroot,item_onionroot,onionroot,,YES,,,YES
43776,0,0,0,0,0,0,0,0,0,0,item_bokchoyleaf,item_bokchoyleaf,bokchoyleaf,,YES,,,YES
44032,0,0,0,0,0,0,0,0,0,0,money,money,money,,YES,,,YES
44288,0,0,0,0,0,0,0,0,0,0,money_lots,money_lots,money_lots,,YES,,,YES
44544,0,0,0,0,0,0,0,0,0,0,money_bag,money_bag,money_bag,,YES,,,YES
44800,0,0,0,0,0,0,0,0,0,0,money_boxa,money_boxa,money_boxa,,YES,,,YES
45056,0,0,0,0,0,0,0,0,0,0,money_boxb,money_boxb,money_boxb,,YES,,,YES
45312,0,0,0,0,0,0,0,0,0,0,item_a,item_a,item_a,,YES,,,YES
