ClassID,ClassName,Lv,StatPts,PropertyPts,Session,PlayTime,TotalXp,QuestStandardExp,MinLv1,MaxLv1,GainXp1,MinLv2,MaxLv2,GainXp2,MinLv3,MaxLv3,GainXp3,MinLv4,MaxLv4,GainXp4,MinLv5,MaxLv5,GainXp5,MinLv6,MaxLv6,GainXp6,MinLv7,MaxLv7,GainXp7,MinLv8,MaxLv8,GainXp8,MinLv9,MaxLv9,GainXp9,MinLv10,MaxLv10,GainXp10,MinLv11,MaxLv11,GainXp11,MinLv12,MaxLv12,GainXp12,Color1,Color2,Color3,Color4,Color5,Color6,Color7,Color8,Color9,Color10,Color11,Color12
0,0,0,0,0,0,0,0,0,0,15360,0,0,0,0,0,0,0,0,0,0,0,0,0,0,0,52429,0,0,0,0,0,52429,15360,0,0,0,0,0,0,0,0,0,0,0,monname_red,monname_red,monname_orange,monname_orange,monname_yellow,monname_grayyellow,monname_gray,monname_gray,monname_red,monname_yellow,monname_orange,monname_red
0,0,0,0,0,0,0,0,0,0,15360,0,0,0,0,0,0,0,0,0,0,0,0,0,0,0,52429,0,0,0,0,0,52429,15360,0,0,0,0,0,0,0,0,0,0,0,monname_red,monname_red,monname_orange,monname_orange,monname_yellow,monname_grayyellow,monname_gray,monname_gray,monname_red,monname_yellow,monname_orange,monname_red
0,0,0,0,0,0,0,0,0,0,15360,0,0,0,0,0,0,0,0,0,0,0,0,0,0,0,52429,0,0,0,0,0,52429,15360,0,0,0,0,0,0,0,0,0,0,0,monname_red,monname_red,monname_orange,monname_orange,monname_yellow,monname_grayyellow,monname_gray,monname_gray,monname_red,monname_yellow,monname_orange,monname_red
0,0,0,0,0,0,0,16384,0,0,15360,0,0,0,0,0,0,0,0,0,0,0,0,0,0,0,52429,0,0,0,0,0,52429,15360,0,0,0,0,0,0,0,0,0,0,0,monname_red,monname_red,monname_orange,monname_orange,monname_yellow,monname_grayyellow,monname_gray,monname_gray,monname_red,monname_yellow,monname_orange,monname_red
0,0,0,0,0,0,0,57344,0,0,15360,0,0,0,0,0,0,0,0,0,0,0,0,0,0,0,52429,0,0,0,0,0,52429,15360,0,0,0,0,0,0,0,0,0,0,0,monname_red,monname_red,monname_orange,monname_orange,monname_yellow,monname_grayyellow,monname_gray,monname_gray,monname_red,monname_yellow,monname_orange,monname_red
0,0,0,0,0,0,0,8192,32768,0,15360,0,0,0,0,0,0,0,0,0,0,0,0,0,0,0,52429,0,0,0,0,0,52429,15360,0,0,0,0,0,0,0,0,0,0,0,monname_red,monname_red,monname_orange,monname_orange,monname_yellow,monname_grayyellow,monname_gray,monname_gray,monname_red,monname_yellow,monname_orange,monname_red
0,0,0,0,0,0,0,40960,49152,0,15360,0,0,0,0,0,0,0,0,0,0,0,0,0,0,0,52429,0,0,0,0,0,52429,15360,0,0,0,0,0,0,0,0,0,0,0,monname_red,monname_red,monname_orange,monname_orange,monname_yellow,monname_grayyellow,monname_gray,monname_gray,monname_red,monname_yellow,monname_orange,monname_red
0,0,0,0,0,0,0,49152,0,0,15360,0,0,0,0,0,0,0,0,0,0,0,0,0,0,0,52429,0,0,0,0,0,52429,15360,0,0,0,0,0,0,0,0,0,0,0,monname_red,monname_red,monname_orange,monname_orange,monname_yellow,monname_grayyellow,monname_gray,monname_gray,monname_red,monname_yellow,monname_orange,monname_red
0,0,0,0,0,0,0,0,32768,0,15360,0,0,0,0,0,0,0,0,0,0,0,0,0,0,0,52429,0,0,0,0,0,52429,15360,0,0,0,0,0,0,0,0,0,0,0,monname_red,monname_red,monname_orange,monname_orange,monname_yellow,monname_grayyellow,monname_gray,monname_gray,monname_red,monname_yellow,monname_orange,monname_red
0,0,0,0,0,0,0,26624,57344,0,15360,0,0,0,0,0,0,0,0,0,0,0,0,0,0,0,52429,0,0,0,0,0,52429,15360,0,0,0,0,0,0,0,0,0,0,0,monname_red,monname_red,monname_orange,monname_orange,monname_yellow,monname_grayyellow,monname_gray,monname_gray,monname_red,monname_yellow,monname_orange,monname_red
0,0,0,0,0,0,0,26624,8192,0,15360,0,0,0,0,0,0,0,0,0,0,0,0,0,0,0,52429,0,0,0,0,0,52429,15360,0,0,0,0,0,0,0,0,0,0,0,monname_red,monname_red,monname_orange,monname_orange,monname_yellow,monname_grayyellow,monname_gray,monname_gray,monname_red,monname_yellow,monname_orange,monname_red
0,0,0,0,0,0,0,64512,0,0,15360,0,0,0,0,0,0,0,0,0,0,0,0,0,0,0,52429,0,0,0,0,0,52429,15360,0,0,0,0,0,0,0,0,0,0,0,monname_red,monname_red,monname_orange,monname_orange,monname_yellow,monname_grayyellow,monname_gray,monname_gray,monname_red,monname_yellow,monname_orange,monname_red
0,0,0,0,0,0,0,15360,8192,0,15360,0,0,0,0,0,0,0,0,0,0,0,0,0,0,0,52429,0,0,0,0,0,52429,15360,0,0,0,0,0,0,0,0,0,0,0,monname_red,monname_red,monname_orange,monname_orange,monname_yellow,monname_grayyellow,monname_gray,monname_gray,monname_red,monname_yellow,monname_orange,monname_red
0,0,0,0,0,0,0,60416,12288,0,15360,0,0,0,0,0,0,0,0,0,0,0,0,0,0,0,52429,0,0,0,0,0,52429,15360,0,0,0,0,0,0,0,0,0,0,0,monname_red,monname_red,monname_orange,monname_orange,monname_yellow,monname_grayyellow,monname_gray,monname_gray,monname_red,monname_yellow,monname_orange,monname_red
0,0,0,0,0,0,0,58880,12288,0,15360,0,0,0,0,0,0,0,0,0,0,0,0,0,0,0,52429,0,0,0,0,0,52429,15360,0,0,0,0,0,0,0,0,0,0,0,monname_red,monname_red,monname_orange,monname_orange,monname_yellow,monname_grayyellow,monname_gray,monname_gray,monname_red,monname_yellow,monname_orange,monname_red
0,0,0,0,0,0,0,54016,57344,0,15360,0,0,0,0,0,0,0,0,0,0,0,0,0,0,0,52429,0,0,0,0,0,52429,15360,0,0,0,0,0,0,0,0,0,0,0,monname_red,monname_red,monname_orange,monname_orange,monname_yellow,monname_grayyellow,monname_gray,monname_gray,monname_red,monname_yellow,monname_orange,monname_red
0,0,0,0,0,0,0,58880,28672,0,15360,0,0,0,0,0,0,0,0,0,0,0,0,0,0,0,52429,0,0,0,0,0,52429,15360,0,0,0,0,0,0,0,0,0,0,0,monname_red,monname_red,monname_orange,monname_orange,monname_yellow,monname_grayyellow,monname_gray,monname_gray,monname_red,monname_yellow,monname_orange,monname_red
0,0,0,0,0,0,0,24320,40960,0,15360,0,0,0,0,0,0,0,0,0,0,0,0,0,0,0,52429,0,0,0,0,0,52429,15360,0,0,0,0,0,0,0,0,0,0,0,monname_red,monname_red,monname_orange,monname_orange,monname_yellow,monname_grayyellow,monname_gray,monname_gray,monname_red,monname_yellow,monname_orange,monname_red
0,0,0,0,0,0,0,16128,12288,0,15360,0,0,0,0,0,0,0,0,0,0,0,0,0,0,0,52429,0,0,0,0,0,52429,15360,0,0,0,0,0,0,0,0,0,0,0,monname_red,monname_red,monname_orange,monname_orange,monname_yellow,monname_grayyellow,monname_gray,monname_gray,monname_red,monname_yellow,monname_orange,monname_red
0,0,0,0,0,0,0,55552,28672,0,15360,0,0,0,0,0,0,0,0,0,0,0,0,0,0,0,52429,0,0,0,0,0,52429,15360,0,0,0,0,0,0,0,0,0,0,0,monname_red,monname_red,monname_orange,monname_orange,monname_yellow,monname_grayyellow,monname_gray,monname_gray,monname_red,monname_yellow,monname_orange,monname_red
0,0,0,0,0,0,0,1792,61440,0,15360,0,0,0,0,0,0,0,0,0,0,0,0,0,0,0,52429,0,0,0,0,0,52429,15360,0,0,0,0,0,0,0,0,0,0,0,monname_red,monname_red,monname_orange,monname_orange,monname_yellow,monname_grayyellow,monname_gray,monname_gray,monname_red,monname_yellow,monname_orange,monname_red
0,0,0,0,0,0,0,640,57344,0,15360,0,0,0,0,0,0,0,0,0,0,0,0,0,0,0,52429,0,0,0,0,0,52429,15360,0,0,0,0,0,0,0,0,0,0,0,monname_red,monname_red,monname_orange,monname_orange,monname_yellow,monname_grayyellow,monname_gray,monname_gray,monname_red,monname_yellow,monname_orange,monname_red
0,0,0,0,0,0,0,30400,43008,0,15360,0,0,0,0,0,0,0,0,0,0,0,0,0,0,0,52429,0,0,0,0,0,52429,15360,0,0,0,0,0,0,0,0,0,0,0,monname_red,monname_red,monname_orange,monname_orange,monname_yellow,monname_grayyellow,monname_gray,monname_gray,monname_red,monname_yellow,monname_orange,monname_red
0,0,0,0,0,0,0,51392,32768,0,15360,0,0,0,0,0,0,0,0,0,0,0,0,0,0,0,52429,0,0,0,0,0,52429,15360,0,0,0,0,0,0,0,0,0,0,0,monname_red,monname_red,monname_orange,monname_orange,monname_yellow,monname_grayyellow,monname_gray,monname_gray,monname_red,monname_yellow,monname_orange,monname_red
0,0,0,0,0,0,0,47296,12288,0,15360,0,0,0,0,0,0,0,0,0,0,0,0,0,0,0,52429,0,0,0,0,0,52429,15360,0,0,0,0,0,0,0,0,0,0,0,monname_red,monname_red,monname_orange,monname_orange,monname_yellow,monname_grayyellow,monname_gray,monname_gray,monname_red,monname_yellow,monname_orange,monname_red
0,0,0,0,0,0,0,22464,24576,0,15360,0,0,0,0,0,0,0,0,0,0,0,0,0,0,0,52429,0,0,0,0,0,52429,15360,0,0,0,0,0,0,0,0,0,0,0,monname_red,monname_red,monname_orange,monname_orange,monname_yellow,monname_grayyellow,monname_gray,monname_gray,monname_red,monname_yellow,monname_orange,monname_red
0,0,0,0,0,0,0,50752,62464,0,15360,0,0,0,0,0,0,0,0,0,0,0,0,0,0,0,52429,0,0,0,0,0,52429,15360,0,0,0,0,0,0,0,0,0,0,0,monname_red,monname_red,monname_orange,monname_orange,monname_yellow,monname_grayyellow,monname_gray,monname_gray,monname_red,monname_yellow,monname_orange,monname_red
0,0,0,0,0,0,0,1600,38912,0,15360,0,0,0,0,0,0,0,0,0,0,0,0,0,0,0,52429,0,0,0,0,0,52429,15360,0,0,0,0,0,0,0,0,0,0,0,monname_red,monname_red,monname_orange,monname_orange,monname_yellow,monname_grayyellow,monname_gray,monname_gray,monname_red,monname_yellow,monname_orange,monname_red
0,0,0,0,0,0,0,7328,4096,0,15360,0,0,0,0,0,0,0,0,0,0,0,0,0,0,0,52429,0,0,0,0,0,52429,15360,0,0,0,0,0,0,0,0,0,0,0,monname_red,monname_red,monname_orange,monname_orange,monname_yellow,monname_grayyellow,monname_gray,monname_gray,monname_red,monname_yellow,monname_orange,monname_red
0,0,0,0,0,0,0,47264,0,0,15360,0,0,0,0,0,0,0,0,0,0,0,0,0,0,0,52429,0,0,0,0,0,52429,15360,0,0,0,0,0,0,0,0,0,0,0,monname_red,monname_red,monname_orange,monname_orange,monname_yellow,monname_grayyellow,monname_gray,monname_gray,monname_red,monname_yellow,monname_orange,monname_red
0,0,0,0,0,0,0,24608,24576,0,15360,0,0,0,0,0,0,0,0,0,0,0,0,0,0,0,52429,0,0,0,0,0,52429,15360,0,0,0,0,0,0,0,0,0,0,0,monname_red,monname_red,monname_orange,monname_orange,monname_yellow,monname_grayyellow,monname_gray,monname_gray,monname_red,monname_yellow,monname_orange,monname_red
0,0,0,0,0,0,0,22432,11264,0,15360,0,0,0,0,0,0,0,0,0,0,0,0,0,0,0,52429,0,0,0,0,0,52429,15360,0,0,0,0,0,0,0,0,0,0,0,monname_red,monname_red,monname_orange,monname_orange,monname_yellow,monname_grayyellow,monname_gray,monname_gray,monname_red,monname_yellow,monname_orange,monname_red
0,0,0,0,0,0,0,28384,36864,0,15360,0,0,0,0,0,0,0,0,0,0,0,0,0,0,0,52429,0,0,0,0,0,52429,15360,0,0,0,0,0,0,0,0,0,0,0,monname_red,monname_red,monname_orange,monname_orange,monname_yellow,monname_grayyellow,monname_gray,monname_gray,monname_red,monname_yellow,monname_orange,monname_red
0,0,0,0,0,0,0,44768,25600,0,15360,0,0,0,0,0,0,0,0,0,0,0,0,0,0,0,52429,0,0,0,0,0,52429,15360,0,0,0,0,0,0,0,0,0,0,0,monname_red,monname_red,monname_orange,monname_orange,monname_yellow,monname_grayyellow,monname_gray,monname_gray,monname_red,monname_yellow,monname_orange,monname_red
0,0,0,0,0,0,0,10880,5632,0,15360,0,0,0,0,0,0,0,0,0,0,0,0,0,0,0,52429,0,0,0,0,0,52429,15360,0,0,0,0,0,0,0,0,0,0,0,monname_red,monname_red,monname_orange,monname_orange,monname_yellow,monname_grayyellow,monname_gray,monname_gray,monname_red,monname_yellow,monname_orange,monname_red
0,0,0,0,0,0,0,61584,62976,0,15360,0,0,0,0,0,0,0,0,0,0,0,0,0,0,0,52429,0,0,0,0,0,52429,15360,0,0,0,0,0,0,0,0,0,0,0,monname_red,monname_red,monname_orange,monname_orange,monname_yellow,monname_grayyellow,monname_gray,monname_gray,monname_red,monname_yellow,monname_orange,monname_red
0,0,0,0,0,0,0,29456,20992,0,15360,0,0,0,0,0,0,0,0,0,0,0,0,0,0,0,52429,0,0,0,0,0,52429,15360,0,0,0,0,0,0,0,0,0,0,0,monname_red,monname_red,monname_orange,monname_orange,monname_yellow,monname_grayyellow,monname_gray,monname_gray,monname_red,monname_yellow,monname_orange,monname_red
0,0,0,0,0,0,0,39984,43008,0,15360,0,0,0,0,0,0,0,0,0,0,0,0,0,0,0,52429,0,0,0,0,0,52429,15360,0,0,0,0,0,0,0,0,0,0,0,monname_red,monname_red,monname_orange,monname_orange,monname_yellow,monname_grayyellow,monname_gray,monname_gray,monname_red,monname_yellow,monname_orange,monname_red
0,0,0,0,0,0,0,30176,31744,0,15360,0,0,0,0,0,0,0,0,0,0,0,0,0,0,0,52429,0,0,0,0,0,52429,15360,0,0,0,0,0,0,0,0,0,0,0,monname_red,monname_red,monname_orange,monname_orange,monname_yellow,monname_grayyellow,monname_gray,monname_gray,monname_red,monname_yellow,monname_orange,monname_red
0,0,0,0,0,0,0,11232,32768,0,15360,0,0,0,0,0,0,0,0,0,0,0,0,0,0,0,52429,0,0,0,0,0,52429,15360,0,0,0,0,0,0,0,0,0,0,0,monname_red,monname_red,monname_orange,monname_orange,monname_yellow,monname_grayyellow,monname_gray,monname_gray,monname_red,monname_yellow,monname_orange,monname_red
0,0,0,0,0,0,0,40224,56320,0,15360,0,0,0,0,0,0,0,0,0,0,0,0,0,0,0,52429,0,0,0,0,0,52429,15360,0,0,0,0,0,0,0,0,0,0,0,monname_red,monname_red,monname_orange,monname_orange,monname_yellow,monname_grayyellow,monname_gray,monname_gray,monname_red,monname_yellow,monname_orange,monname_red
0,0,0,0,0,0,0,52832,30208,0,15360,0,0,0,0,0,0,0,0,0,0,0,0,0,0,0,52429,0,0,0,0,0,52429,15360,0,0,0,0,0,0,0,0,0,0,0,monname_red,monname_red,monname_orange,monname_orange,monname_yellow,monname_grayyellow,monname_gray,monname_gray,monname_red,monname_yellow,monname_orange,monname_red
0,0,0,0,0,0,0,50272,19456,0,15360,0,0,0,0,0,0,0,0,0,0,0,0,0,0,0,52429,0,0,0,0,0,52429,15360,0,0,0,0,0,0,0,0,0,0,0,monname_red,monname_red,monname_orange,monname_orange,monname_yellow,monname_grayyellow,monname_gray,monname_gray,monname_red,monname_yellow,monname_orange,monname_red
0,0,0,0,0,0,0,33760,24576,0,15360,0,0,0,0,0,0,0,0,0,0,0,0,0,0,0,52429,0,0,0,0,0,52429,15360,0,0,0,0,0,0,0,0,0,0,0,monname_red,monname_red,monname_orange,monname_orange,monname_yellow,monname_grayyellow,monname_gray,monname_gray,monname_red,monname_yellow,monname_orange,monname_red
0,0,0,0,0,0,0,3056,0,0,15360,0,0,0,0,0,0,0,0,0,0,0,0,0,0,0,52429,0,0,0,0,0,52429,15360,0,0,0,0,0,0,0,0,0,0,0,monname_red,monname_red,monname_orange,monname_orange,monname_yellow,monname_grayyellow,monname_gray,monname_gray,monname_red,monname_yellow,monname_orange,monname_red
0,0,0,0,0,0,0,16256,36352,0,15360,0,0,0,0,0,0,0,0,0,0,0,0,0,0,0,52429,0,0,0,0,0,52429,15360,0,0,0,0,0,0,0,0,0,0,0,monname_red,monname_red,monname_orange,monname_orange,monname_yellow,monname_grayyellow,monname_gray,monname_gray,monname_red,monname_yellow,monname_orange,monname_red
0,0,0,0,0,0,0,63992,3072,0,15360,0,0,0,0,0,0,0,0,0,0,0,0,0,0,0,52429,0,0,0,0,0,52429,15360,0,0,0,0,0,0,0,0,0,0,0,monname_red,monname_red,monname_orange,monname_orange,monname_yellow,monname_grayyellow,monname_gray,monname_gray,monname_red,monname_yellow,monname_orange,monname_red
0,0,0,0,0,0,0,9064,4608,0,15360,0,0,0,0,0,0,0,0,0,0,0,0,0,0,0,52429,0,0,0,0,0,52429,15360,0,0,0,0,0,0,0,0,0,0,0,monname_red,monname_red,monname_orange,monname_orange,monname_yellow,monname_grayyellow,monname_gray,monname_gray,monname_red,monname_yellow,monname_orange,monname_red
0,0,0,0,0,0,0,49560,59392,0,15360,0,0,0,0,0,0,0,0,0,0,0,0,0,0,0,52429,0,0,0,0,0,52429,15360,0,0,0,0,0,0,0,0,0,0,0,monname_red,monname_red,monname_orange,monname_orange,monname_yellow,monname_grayyellow,monname_gray,monname_gray,monname_red,monname_yellow,monname_orange,monname_red
0,0,0,0,0,0,0,55048,57088,0,15360,0,0,0,0,0,0,0,0,0,0,0,0,0,0,0,52429,0,0,0,0,0,52429,15360,0,0,0,0,0,0,0,0,0,0,0,monname_red,monname_red,monname_orange,monname_orange,monname_yellow,monname_grayyellow,monname_gray,monname_gray,monname_red,monname_yellow,monname_orange,monname_red
0,0,0,0,0,0,0,26168,62720,0,15360,0,0,0,0,0,0,0,0,0,0,0,0,0,0,0,52429,0,0,0,0,0,52429,15360,0,0,0,0,0,0,0,0,0,0,0,monname_red,monname_red,monname_orange,monname_orange,monname_yellow,monname_grayyellow,monname_gray,monname_gray,monname_red,monname_yellow,monname_orange,monname_red
0,0,0,0,0,0,0,29096,11264,0,15360,0,0,0,0,0,0,0,0,0,0,0,0,0,0,0,52429,0,0,0,0,0,52429,15360,0,0,0,0,0,0,0,0,0,0,0,monname_red,monname_red,monname_orange,monname_orange,monname_yellow,monname_grayyellow,monname_gray,monname_gray,monname_red,monname_yellow,monname_orange,monname_red
0,0,0,0,0,0,0,64472,33280,0,15360,0,0,0,0,0,0,0,0,0,0,0,0,0,0,0,52429,0,0,0,0,0,52429,15360,0,0,0,0,0,0,0,0,0,0,0,monname_red,monname_red,monname_orange,monname_orange,monname_yellow,monname_grayyellow,monname_gray,monname_gray,monname_red,monname_yellow,monname_orange,monname_red
0,0,0,0,0,0,0,1864,63488,0,15360,0,0,0,0,0,0,0,0,0,0,0,0,0,0,0,52429,0,0,0,0,0,52429,15360,0,0,0,0,0,0,0,0,0,0,0,monname_red,monname_red,monname_orange,monname_orange,monname_yellow,monname_grayyellow,monname_gray,monname_gray,monname_red,monname_yellow,monname_orange,monname_red
0,0,0,0,0,0,0,45864,65024,0,15360,0,0,0,0,0,0,0,0,0,0,0,0,0,0,0,52429,0,0,0,0,0,52429,15360,0,0,0,0,0,0,0,0,0,0,0,monname_red,monname_red,monname_orange,monname_orange,monname_yellow,monname_grayyellow,monname_gray,monname_gray,monname_red,monname_yellow,monname_orange,monname_red
0,0,0,0,0,0,0,62196,48128,0,15360,0,0,0,0,0,0,0,0,0,0,0,0,0,0,0,52429,0,0,0,0,0,52429,15360,0,0,0,0,0,0,0,0,0,0,0,monname_red,monname_red,monname_orange,monname_orange,monname_yellow,monname_grayyellow,monname_gray,monname_gray,monname_red,monname_yellow,monname_orange,monname_red
0,0,0,0,0,0,0,21244,52480,0,15360,0,0,0,0,0,0,0,0,0,0,0,0,0,0,0,52429,0,0,0,0,0,52429,15360,0,0,0,0,0,0,0,0,0,0,0,monname_red,monname_red,monname_orange,monname_orange,monname_yellow,monname_grayyellow,monname_gray,monname_gray,monname_red,monname_yellow,monname_orange,monname_red
0,0,0,0,0,0,0,63740,52224,0,15360,0,0,0,0,0,0,0,0,0,0,0,0,0,0,0,52429,0,0,0,0,0,52429,15360,0,0,0,0,0,0,0,0,0,0,0,monname_red,monname_red,monname_orange,monname_orange,monname_yellow,monname_grayyellow,monname_gray,monname_gray,monname_red,monname_yellow,monname_orange,monname_red
0,0,0,0,0,0,0,58932,60416,0,15360,0,0,0,0,0,0,0,0,0,0,0,0,0,0,0,52429,0,0,0,0,0,52429,15360,0,0,0,0,0,0,0,0,0,0,0,monname_red,monname_red,monname_orange,monname_orange,monname_yellow,monname_grayyellow,monname_gray,monname_gray,monname_red,monname_yellow,monname_orange,monname_red
0,0,0,0,0,0,0,7668,24576,0,15360,0,0,0,0,0,0,0,0,0,0,0,0,0,0,0,52429,0,0,0,0,0,52429,15360,0,0,0,0,0,0,0,0,0,0,0,monname_red,monname_red,monname_orange,monname_orange,monname_yellow,monname_grayyellow,monname_gray,monname_gray,monname_red,monname_yellow,monname_orange,monname_red
0,0,0,0,0,0,0,41356,62720,0,15360,0,0,0,0,0,0,0,0,0,0,0,0,0,0,0,52429,0,0,0,0,0,52429,15360,0,0,0,0,0,0,0,0,0,0,0,monname_red,monname_red,monname_orange,monname_orange,monname_yellow,monname_grayyellow,monname_gray,monname_gray,monname_red,monname_yellow,monname_orange,monname_red
0,0,0,0,0,0,0,28716,30208,0,15360,0,0,0,0,0,0,0,0,0,0,0,0,0,0,0,52429,0,0,0,0,0,52429,15360,0,0,0,0,0,0,0,0,0,0,0,monname_red,monname_red,monname_orange,monname_orange,monname_yellow,monname_grayyellow,monname_gray,monname_gray,monname_red,monname_yellow,monname_orange,monname_red
0,0,0,0,0,0,0,40484,65280,0,15360,0,0,0,0,0,0,0,0,0,0,0,0,0,0,0,52429,0,0,0,0,0,52429,15360,0,0,0,0,0,0,0,0,0,0,0,monname_red,monname_red,monname_orange,monname_orange,monname_yellow,monname_grayyellow,monname_gray,monname_gray,monname_red,monname_yellow,monname_orange,monname_red
0,0,0,0,0,0,0,7216,256,0,15360,0,0,0,0,0,0,0,0,0,0,0,0,0,0,0,52429,0,0,0,0,0,52429,15360,0,0,0,0,0,0,0,0,0,0,0,monname_red,monname_red,monname_orange,monname_orange,monname_yellow,monname_grayyellow,monname_gray,monname_gray,monname_red,monname_yellow,monname_orange,monname_red
0,0,0,0,0,0,0,60320,9216,0,15360,0,0,0,0,0,0,0,0,0,0,0,0,0,0,0,52429,0,0,0,0,0,52429,15360,0,0,0,0,0,0,0,0,0,0,0,monname_red,monname_red,monname_orange,monname_orange,monname_yellow,monname_grayyellow,monname_gray,monname_gray,monname_red,monname_yellow,monname_orange,monname_red
0,0,0,0,0,0,0,2944,38912,0,15360,0,0,0,0,0,0,0,0,0,0,0,0,0,0,0,52429,0,0,0,0,0,52429,15360,0,0,0,0,0,0,0,0,0,0,0,monname_red,monname_red,monname_orange,monname_orange,monname_yellow,monname_grayyellow,monname_gray,monname_gray,monname_red,monname_yellow,monname_orange,monname_red
0,0,0,0,0,0,0,32604,51968,0,15360,0,0,0,0,0,0,0,0,0,0,0,0,0,0,0,52429,0,0,0,0,0,52429,15360,0,0,0,0,0,0,0,0,0,0,0,monname_red,monname_red,monname_orange,monname_orange,monname_yellow,monname_grayyellow,monname_gray,monname_gray,monname_red,monname_yellow,monname_orange,monname_red
0,0,0,0,0,0,0,18564,3712,0,15360,0,0,0,0,0,0,0,0,0,0,0,0,0,0,0,52429,0,0,0,0,0,52429,15360,0,0,0,0,0,0,0,0,0,0,0,monname_red,monname_red,monname_orange,monname_orange,monname_yellow,monname_grayyellow,monname_gray,monname_gray,monname_red,monname_yellow,monname_orange,monname_red
0,0,0,0,0,0,0,27300,33152,0,15360,0,0,0,0,0,0,0,0,0,0,0,0,0,0,0,52429,0,0,0,0,0,52429,15360,0,0,0,0,0,0,0,0,0,0,0,monname_red,monname_red,monname_orange,monname_orange,monname_yellow,monname_grayyellow,monname_gray,monname_gray,monname_red,monname_yellow,monname_orange,monname_red
0,0,0,0,0,0,0,62044,59136,0,15360,0,0,0,0,0,0,0,0,0,0,0,0,0,0,0,52429,0,0,0,0,0,52429,15360,0,0,0,0,0,0,0,0,0,0,0,monname_red,monname_red,monname_orange,monname_orange,monname_yellow,monname_grayyellow,monname_gray,monname_gray,monname_red,monname_yellow,monname_orange,monname_red
0,0,0,0,0,0,0,58828,22528,0,15360,0,0,0,0,0,0,0,0,0,0,0,0,0,0,0,52429,0,0,0,0,0,52429,15360,0,0,0,0,0,0,0,0,0,0,0,monname_red,monname_red,monname_orange,monname_orange,monname_yellow,monname_grayyellow,monname_gray,monname_gray,monname_red,monname_yellow,monname_orange,monname_red
0,0,0,0,0,0,0,1712,58240,0,15360,0,0,0,0,0,0,0,0,0,0,0,0,0,0,0,52429,0,0,0,0,0,52429,15360,0,0,0,0,0,0,0,0,0,0,0,monname_red,monname_red,monname_orange,monname_orange,monname_yellow,monname_grayyellow,monname_gray,monname_gray,monname_red,monname_yellow,monname_orange,monname_red
0,0,0,0,0,0,0,22256,40960,0,15360,0,0,0,0,0,0,0,0,0,0,0,0,0,0,0,52429,0,0,0,0,0,52429,15360,0,0,0,0,0,0,0,0,0,0,0,monname_red,monname_red,monname_orange,monname_orange,monname_yellow,monname_grayyellow,monname_gray,monname_gray,monname_red,monname_yellow,monname_orange,monname_red
0,0,0,0,0,0,0,54776,19840,0,15360,0,0,0,0,0,0,0,0,0,0,0,0,0,0,0,52429,0,0,0,0,0,52429,15360,0,0,0,0,0,0,0,0,0,0,0,monname_red,monname_red,monname_orange,monname_orange,monname_yellow,monname_grayyellow,monname_gray,monname_gray,monname_red,monname_yellow,monname_orange,monname_red
0,0,0,0,0,0,0,34232,11392,0,15360,0,0,0,0,0,0,0,0,0,0,0,0,0,0,0,52429,0,0,0,0,0,52429,15360,0,0,0,0,0,0,0,0,0,0,0,monname_red,monname_red,monname_orange,monname_orange,monname_yellow,monname_grayyellow,monname_gray,monname_gray,monname_red,monname_yellow,monname_orange,monname_red
0,0,0,0,0,0,0,26004,64512,0,15360,0,0,0,0,0,0,0,0,0,0,0,0,0,0,0,52429,0,0,0,0,0,52429,15360,0,0,0,0,0,0,0,0,0,0,0,monname_red,monname_red,monname_orange,monname_orange,monname_yellow,monname_grayyellow,monname_gray,monname_gray,monname_red,monname_yellow,monname_orange,monname_red
0,0,0,0,0,0,0,30596,65024,0,15360,0,0,0,0,0,0,0,0,0,0,0,0,0,0,0,52429,0,0,0,0,0,52429,15360,0,0,0,0,0,0,0,0,0,0,0,monname_red,monname_red,monname_orange,monname_orange,monname_yellow,monname_grayyellow,monname_gray,monname_gray,monname_red,monname_yellow,monname_orange,monname_red
0,0,0,0,0,0,0,47844,61440,0,15360,0,0,0,0,0,0,0,0,0,0,0,0,0,0,0,52429,0,0,0,0,0,52429,15360,0,0,0,0,0,0,0,0,0,0,0,monname_red,monname_red,monname_orange,monname_orange,monname_yellow,monname_grayyellow,monname_gray,monname_gray,monname_red,monname_yellow,monname_orange,monname_red
0,0,0,0,0,0,0,15568,12544,0,15360,0,0,0,0,0,0,0,0,0,0,0,0,0,0,0,52429,0,0,0,0,0,52429,15360,0,0,0,0,0,0,0,0,0,0,0,monname_red,monname_red,monname_orange,monname_orange,monname_yellow,monname_grayyellow,monname_gray,monname_gray,monname_red,monname_yellow,monname_orange,monname_red
0,0,0,0,0,0,0,62216,27648,0,15360,0,0,0,0,0,0,0,0,0,0,0,0,0,0,0,52429,0,0,0,0,0,52429,15360,0,0,0,0,0,0,0,0,0,0,0,monname_red,monname_red,monname_orange,monname_orange,monname_yellow,monname_grayyellow,monname_gray,monname_gray,monname_red,monname_yellow,monname_orange,monname_red
0,0,0,0,0,0,0,56892,47104,0,15360,0,0,0,0,0,0,0,0,0,0,0,0,0,0,0,52429,0,0,0,0,0,52429,15360,0,0,0,0,0,0,0,0,0,0,0,monname_red,monname_red,monname_orange,monname_orange,monname_yellow,monname_grayyellow,monname_gray,monname_gray,monname_red,monname_yellow,monname_orange,monname_red
0,0,0,0,0,0,0,65308,5632,0,15360,0,0,0,0,0,0,0,0,0,0,0,0,0,0,0,52429,0,0,0,0,0,52429,15360,0,0,0,0,0,0,0,0,0,0,0,monname_red,monname_red,monname_orange,monname_orange,monname_yellow,monname_grayyellow,monname_gray,monname_gray,monname_red,monname_yellow,monname_orange,monname_red
0,0,0,0,0,0,0,21742,24960,0,15360,0,0,0,0,0,0,0,0,0,0,0,0,0,0,0,52429,0,0,0,0,0,52429,15360,0,0,0,0,0,0,0,0,0,0,0,monname_red,monname_red,monname_orange,monname_orange,monname_yellow,monname_grayyellow,monname_gray,monname_gray,monname_red,monname_yellow,monname_orange,monname_red
0,0,0,0,0,0,0,57800,57984,0,15360,0,0,0,0,0,0,0,0,0,0,0,0,0,0,0,52429,0,0,0,0,0,52429,15360,0,0,0,0,0,0,0,0,0,0,0,monname_red,monname_red,monname_orange,monname_orange,monname_yellow,monname_grayyellow,monname_gray,monname_gray,monname_red,monname_yellow,monname_orange,monname_red
0,0,0,0,0,0,0,42586,29952,0,15360,0,0,0,0,0,0,0,0,0,0,0,0,0,0,0,52429,0,0,0,0,0,52429,15360,0,0,0,0,0,0,0,0,0,0,0,monname_red,monname_red,monname_orange,monname_orange,monname_yellow,monname_grayyellow,monname_gray,monname_gray,monname_red,monname_yellow,monname_orange,monname_red
0,0,0,0,0,0,0,41812,6400,0,15360,0,0,0,0,0,0,0,0,0,0,0,0,0,0,0,52429,0,0,0,0,0,52429,15360,0,0,0,0,0,0,0,0,0,0,0,monname_red,monname_red,monname_orange,monname_orange,monname_yellow,monname_grayyellow,monname_gray,monname_gray,monname_red,monname_yellow,monname_orange,monname_red
0,0,0,0,0,0,0,62382,13312,0,15360,0,0,0,0,0,0,0,0,0,0,0,0,0,0,0,52429,0,0,0,0,0,52429,15360,0,0,0,0,0,0,0,0,0,0,0,monname_red,monname_red,monname_orange,monname_orange,monname_yellow,monname_grayyellow,monname_gray,monname_gray,monname_red,monname_yellow,monname_orange,monname_red
0,0,0,0,0,0,0,45742,0,0,15360,0,0,0,0,0,0,0,0,0,0,0,0,0,0,0,52429,0,0,0,0,0,52429,15360,0,0,0,0,0,0,0,0,0,0,0,monname_red,monname_red,monname_orange,monname_orange,monname_yellow,monname_grayyellow,monname_gray,monname_gray,monname_red,monname_yellow,monname_orange,monname_red
0,0,0,0,0,0,0,36610,56704,0,15360,0,0,0,0,0,0,0,0,0,0,0,0,0,0,0,52429,0,0,0,0,0,52429,15360,0,0,0,0,0,0,0,0,0,0,0,monname_red,monname_red,monname_orange,monname_orange,monname_yellow,monname_grayyellow,monname_gray,monname_gray,monname_red,monname_yellow,monname_orange,monname_red
0,0,0,0,0,0,0,35074,52352,0,15360,0,0,0,0,0,0,0,0,0,0,0,0,0,0,0,52429,0,0,0,0,0,52429,15360,0,0,0,0,0,0,0,0,0,0,0,monname_red,monname_red,monname_orange,monname_orange,monname_yellow,monname_grayyellow,monname_gray,monname_gray,monname_red,monname_yellow,monname_orange,monname_red
0,0,0,0,0,0,0,41420,31360,0,15360,0,0,0,0,0,0,0,0,0,0,0,0,0,0,0,52429,0,0,0,0,0,52429,15360,0,0,0,0,0,0,0,0,0,0,0,monname_red,monname_red,monname_orange,monname_orange,monname_yellow,monname_grayyellow,monname_gray,monname_gray,monname_red,monname_yellow,monname_orange,monname_red
0,0,0,0,0,0,0,55540,33792,0,15360,0,0,0,0,0,0,0,0,0,0,0,0,0,0,0,52429,0,0,0,0,0,52429,15360,0,0,0,0,0,0,0,0,0,0,0,monname_red,monname_red,monname_orange,monname_orange,monname_yellow,monname_grayyellow,monname_gray,monname_gray,monname_red,monname_yellow,monname_orange,monname_red
0,0,0,0,0,0,0,11986,38400,0,15360,0,0,0,0,0,0,0,0,0,0,0,0,0,0,0,52429,0,0,0,0,0,52429,15360,0,0,0,0,0,0,0,0,0,0,0,monname_red,monname_red,monname_orange,monname_orange,monname_yellow,monname_grayyellow,monname_gray,monname_gray,monname_red,monname_yellow,monname_orange,monname_red
0,0,0,0,0,0,0,43876,29952,0,15360,0,0,0,0,0,0,0,0,0,0,0,0,0,0,0,52429,0,0,0,0,0,52429,15360,0,0,0,0,0,0,0,0,0,0,0,monname_red,monname_red,monname_orange,monname_orange,monname_yellow,monname_grayyellow,monname_gray,monname_gray,monname_red,monname_yellow,monname_orange,monname_red
0,0,0,0,0,0,0,18292,39680,0,15360,0,0,0,0,0,0,0,0,0,0,0,0,0,0,0,52429,0,0,0,0,0,52429,15360,0,0,0,0,0,0,0,0,0,0,0,monname_red,monname_red,monname_orange,monname_orange,monname_yellow,monname_grayyellow,monname_gray,monname_gray,monname_red,monname_yellow,monname_orange,monname_red
0,0,0,0,0,0,0,1067,57088,0,15360,0,0,0,0,0,0,0,0,0,0,0,0,0,0,0,52429,0,0,0,0,0,52429,15360,0,0,0,0,0,0,0,0,0,0,0,monname_red,monname_red,monname_orange,monname_orange,monname_yellow,monname_grayyellow,monname_gray,monname_gray,monname_red,monname_yellow,monname_orange,monname_red
0,0,0,0,0,0,0,57829,11264,0,15360,0,0,0,0,0,0,0,0,0,0,0,0,0,0,0,52429,0,0,0,0,0,52429,15360,0,0,0,0,0,0,0,0,0,0,0,monname_red,monname_red,monname_orange,monname_orange,monname_yellow,monname_grayyellow,monname_gray,monname_gray,monname_red,monname_yellow,monname_orange,monname_red
0,0,0,0,0,0,0,57385,27904,0,15360,0,0,0,0,0,0,0,0,0,0,0,0,0,0,0,52429,0,0,0,0,0,52429,15360,0,0,0,0,0,0,0,0,0,0,0,monname_red,monname_red,monname_orange,monname_orange,monname_yellow,monname_grayyellow,monname_gray,monname_gray,monname_red,monname_yellow,monname_orange,monname_red
0,0,0,0,0,0,0,38,52352,0,15360,0,0,0,0,0,0,0,0,0,0,0,0,0,0,0,52429,0,0,0,0,0,52429,15360,0,0,0,0,0,0,0,0,0,0,0,monname_red,monname_red,monname_orange,monname_orange,monname_yellow,monname_grayyellow,monname_gray,monname_gray,monname_red,monname_yellow,monname_orange,monname_red
0,0,0,0,0,0,0,16952,13568,0,15360,0,0,0,0,0,0,0,0,0,0,0,0,0,0,0,52429,0,0,0,0,0,52429,15360,0,0,0,0,0,0,0,0,0,0,0,monname_red,monname_red,monname_orange,monname_orange,monname_yellow,monname_grayyellow,monname_gray,monname_gray,monname_red,monname_yellow,monname_orange,monname_red
0,0,0,0,0,0,0,42683,42624,0,15360,0,0,0,0,0,0,0,0,0,0,0,0,0,0,0,52429,0,0,0,0,0,52429,15360,0,0,0,0,0,0,0,0,0,0,0,monname_red,monname_red,monname_orange,monname_orange,monname_yellow,monname_grayyellow,monname_gray,monname_gray,monname_red,monname_yellow,monname_orange,monname_red
0,0,0,0,0,0,0,13501,52480,0,15360,0,0,0,0,0,0,0,0,0,0,0,0,0,0,0,52429,0,0,0,0,0,52429,15360,0,0,0,0,0,0,0,0,0,0,0,monname_red,monname_red,monname_orange,monname_orange,monname_yellow,monname_grayyellow,monname_gray,monname_gray,monname_red,monname_yellow,monname_orange,monname_red
0,0,0,0,0,0,0,58877,21248,0,15360,0,0,0,0,0,0,0,0,0,0,0,0,0,0,0,52429,0,0,0,0,0,52429,15360,0,0,0,0,0,0,0,0,0,0,0,monname_red,monname_red,monname_orange,monname_orange,monname_yellow,monname_grayyellow,monname_gray,monname_gray,monname_red,monname_yellow,monname_orange,monname_red
0,0,0,0,0,0,0,47831,57984,0,15360,0,0,0,0,0,0,0,0,0,0,0,0,0,0,0,52429,0,0,0,0,0,52429,15360,0,0,0,0,0,0,0,0,0,0,0,monname_red,monname_red,monname_orange,monname_orange,monname_yellow,monname_grayyellow,monname_gray,monname_gray,monname_red,monname_yellow,monname_orange,monname_red
0,0,0,0,0,0,0,45991,31488,0,15360,0,0,0,0,0,0,0,0,0,0,0,0,0,0,0,52429,0,0,0,0,0,52429,15360,0,0,0,0,0,0,0,0,0,0,0,monname_red,monname_red,monname_orange,monname_orange,monname_yellow,monname_grayyellow,monname_gray,monname_gray,monname_red,monname_yellow,monname_orange,monname_red
0,0,0,0,0,0,0,53449,7424,0,15360,0,0,0,0,0,0,0,0,0,0,0,0,0,0,0,52429,0,0,0,0,0,52429,15360,0,0,0,0,0,0,0,0,0,0,0,monname_red,monname_red,monname_orange,monname_orange,monname_yellow,monname_grayyellow,monname_gray,monname_gray,monname_red,monname_yellow,monname_orange,monname_red
0,0,0,0,0,0,0,4993,57088,0,15360,0,0,0,0,0,0,0,0,0,0,0,0,0,0,0,52429,0,0,0,0,0,52429,15360,0,0,0,0,0,0,0,0,0,0,0,monname_red,monname_red,monname_orange,monname_orange,monname_yellow,monname_grayyellow,monname_gray,monname_gray,monname_red,monname_yellow,monname_orange,monname_red
0,0,0,0,0,0,0,31557,37760,0,15360,0,0,0,0,0,0,0,0,0,0,0,0,0,0,0,52429,0,0,0,0,0,52429,15360,0,0,0,0,0,0,0,0,0,0,0,monname_red,monname_red,monname_orange,monname_orange,monname_yellow,monname_grayyellow,monname_gray,monname_gray,monname_red,monname_yellow,monname_orange,monname_red
0,0,0,0,0,0,0,33848,20736,0,15360,0,0,0,0,0,0,0,0,0,0,0,0,0,0,0,52429,0,0,0,0,0,52429,15360,0,0,0,0,0,0,0,0,0,0,0,monname_red,monname_red,monname_orange,monname_orange,monname_yellow,monname_grayyellow,monname_gray,monname_gray,monname_red,monname_yellow,monname_orange,monname_red
0,0,0,0,0,0,0,25044,60416,0,15360,0,0,0,0,0,0,0,0,0,0,0,0,0,0,0,52429,0,0,0,0,0,52429,15360,0,0,0,0,0,0,0,0,0,0,0,monname_red,monname_red,monname_orange,monname_orange,monname_yellow,monname_grayyellow,monname_gray,monname_gray,monname_red,monname_yellow,monname_orange,monname_red
0,0,0,0,0,0,0,21132,48704,0,15360,0,0,0,0,0,0,0,0,0,0,0,0,0,0,0,52429,0,0,0,0,0,52429,15360,0,0,0,0,0,0,0,0,0,0,0,monname_red,monname_red,monname_orange,monname_orange,monname_yellow,monname_grayyellow,monname_gray,monname_gray,monname_red,monname_yellow,monname_orange,monname_red
0,0,0,0,0,0,0,22278,45568,0,15360,0,0,0,0,0,0,0,0,0,0,0,0,0,0,0,52429,0,0,0,0,0,52429,15360,0,0,0,0,0,0,0,0,0,0,0,monname_red,monname_red,monname_orange,monname_orange,monname_yellow,monname_grayyellow,monname_gray,monname_gray,monname_red,monname_yellow,monname_orange,monname_red
0,0,0,0,0,0,0,28410,38656,0,15360,0,0,0,0,0,0,0,0,0,0,0,0,0,0,0,52429,0,0,0,0,0,52429,15360,0,0,0,0,0,0,0,0,0,0,0,monname_red,monname_red,monname_orange,monname_orange,monname_yellow,monname_grayyellow,monname_gray,monname_gray,monname_red,monname_yellow,monname_orange,monname_red
0,0,0,0,0,0,0,39571,34048,0,15360,0,0,0,0,0,0,0,0,0,0,0,0,0,0,0,52429,0,0,0,0,0,52429,15360,0,0,0,0,0,0,0,0,0,0,0,monname_red,monname_red,monname_orange,monname_orange,monname_yellow,monname_grayyellow,monname_gray,monname_gray,monname_red,monname_yellow,monname_orange,monname_red
0,0,0,0,0,0,0,55934,38208,0,15360,0,0,0,0,0,0,0,0,0,0,0,0,0,0,0,52429,0,0,0,0,0,52429,15360,0,0,0,0,0,0,0,0,0,0,0,monname_red,monname_red,monname_orange,monname_orange,monname_yellow,monname_grayyellow,monname_gray,monname_gray,monname_red,monname_yellow,monname_orange,monname_red
0,0,0,0,0,0,0,11884,38400,0,15360,0,0,0,0,0,0,0,0,0,0,0,0,0,0,0,52429,0,0,0,0,0,52429,15360,0,0,0,0,0,0,0,0,0,0,0,monname_red,monname_red,monname_orange,monname_orange,monname_yellow,monname_grayyellow,monname_gray,monname_gray,monname_red,monname_yellow,monname_orange,monname_red
0,0,0,0,0,0,0,38666,47360,0,15360,0,0,0,0,0,0,0,0,0,0,0,0,0,0,0,52429,0,0,0,0,0,52429,15360,0,0,0,0,0,0,0,0,0,0,0,monname_red,monname_red,monname_orange,monname_orange,monname_yellow,monname_grayyellow,monname_gray,monname_gray,monname_red,monname_yellow,monname_orange,monname_red
0,0,0,0,0,0,0,6282,45824,0,15360,0,0,0,0,0,0,0,0,0,0,0,0,0,0,0,52429,0,0,0,0,0,52429,15360,0,0,0,0,0,0,0,0,0,0,0,monname_red,monname_red,monname_orange,monname_orange,monname_yellow,monname_grayyellow,monname_gray,monname_gray,monname_red,monname_yellow,monname_orange,monname_red
0,0,0,0,0,0,0,44836,60352,0,15360,0,0,0,0,0,0,0,0,0,0,0,0,0,0,0,52429,0,0,0,0,0,52429,15360,0,0,0,0,0,0,0,0,0,0,0,monname_red,monname_red,monname_orange,monname_orange,monname_yellow,monname_grayyellow,monname_gray,monname_gray,monname_red,monname_yellow,monname_orange,monname_red
0,0,0,0,0,0,0,23176,5120,0,15360,0,0,0,0,0,0,0,0,0,0,0,0,0,0,0,52429,0,0,0,0,0,52429,15360,0,0,0,0,0,0,0,0,0,0,0,monname_red,monname_red,monname_orange,monname_orange,monname_yellow,monname_grayyellow,monname_gray,monname_gray,monname_red,monname_yellow,monname_orange,monname_red
0,0,0,0,0,0,0,7014,24448,0,15360,0,0,0,0,0,0,0,0,0,0,0,0,0,0,0,52429,0,0,0,0,0,52429,15360,0,0,0,0,0,0,0,0,0,0,0,monname_red,monname_red,monname_orange,monname_orange,monname_yellow,monname_grayyellow,monname_gray,monname_gray,monname_red,monname_yellow,monname_orange,monname_red
0,0,0,0,0,0,0,61934,46272,0,15360,0,0,0,0,0,0,0,0,0,0,0,0,0,0,0,52429,0,0,0,0,0,52429,15360,0,0,0,0,0,0,0,0,0,0,0,monname_red,monname_red,monname_orange,monname_orange,monname_yellow,monname_grayyellow,monname_gray,monname_gray,monname_red,monname_yellow,monname_orange,monname_red
0,0,0,0,0,0,0,56780,63744,0,15360,0,0,0,0,0,0,0,0,0,0,0,0,0,0,0,52429,0,0,0,0,0,52429,15360,0,0,0,0,0,0,0,0,0,0,0,monname_red,monname_red,monname_orange,monname_orange,monname_yellow,monname_grayyellow,monname_gray,monname_gray,monname_red,monname_yellow,monname_orange,monname_red
0,0,0,0,0,0,0,57266,12416,0,15360,0,0,0,0,0,0,0,0,0,0,0,0,0,0,0,52429,0,0,0,0,0,52429,15360,0,0,0,0,0,0,0,0,0,0,0,monname_red,monname_red,monname_orange,monname_orange,monname_yellow,monname_grayyellow,monname_gray,monname_gray,monname_red,monname_yellow,monname_orange,monname_red
0,0,0,0,0,0,0,63440,27008,0,15360,0,0,0,0,0,0,0,0,0,0,0,0,0,0,0,52429,0,0,0,0,0,52429,15360,0,0,0,0,0,0,0,0,0,0,0,monname_red,monname_red,monname_orange,monname_orange,monname_yellow,monname_grayyellow,monname_gray,monname_gray,monname_red,monname_yellow,monname_orange,monname_red
0,0,0,0,0,0,0,11065,9216,0,15360,0,0,0,0,0,0,0,0,0,0,0,0,0,0,0,52429,0,0,0,0,0,52429,15360,0,0,0,0,0,0,0,0,0,0,0,monname_red,monname_red,monname_orange,monname_orange,monname_yellow,monname_grayyellow,monname_gray,monname_gray,monname_red,monname_yellow,monname_orange,monname_red
0,0,0,0,0,0,0,30022,26560,0,15360,0,0,0,0,0,0,0,0,0,0,0,0,0,0,0,52429,0,0,0,0,0,52429,15360,0,0,0,0,0,0,0,0,0,0,0,monname_red,monname_red,monname_orange,monname_orange,monname_yellow,monname_grayyellow,monname_gray,monname_gray,monname_red,monname_yellow,monname_orange,monname_red
0,0,0,0,0,0,0,54825,45120,0,15360,0,0,0,0,0,0,0,0,0,0,0,0,0,0,0,52429,0,0,0,0,0,52429,15360,0,0,0,0,0,0,0,0,0,0,0,monname_red,monname_red,monname_orange,monname_orange,monname_yellow,monname_grayyellow,monname_gray,monname_gray,monname_red,monname_yellow,monname_orange,monname_red
0,0,0,0,0,0,0,19984,64896,0,15360,0,0,0,0,0,0,0,0,0,0,0,0,0,0,0,52429,0,0,0,0,0,52429,15360,0,0,0,0,0,0,0,0,0,0,0,monname_red,monname_red,monname_orange,monname_orange,monname_yellow,monname_grayyellow,monname_gray,monname_gray,monname_red,monname_yellow,monname_orange,monname_red
0,0,0,0,0,0,0,56621,20384,0,15360,0,0,0,0,0,0,0,0,0,0,0,0,0,0,0,52429,0,0,0,0,0,52429,15360,0,0,0,0,0,0,0,0,0,0,0,monname_red,monname_red,monname_orange,monname_orange,monname_yellow,monname_grayyellow,monname_gray,monname_gray,monname_red,monname_yellow,monname_orange,monname_red
0,0,0,0,0,0,0,33710,42624,0,15360,0,0,0,0,0,0,0,0,0,0,0,0,0,0,0,52429,0,0,0,0,0,52429,15360,0,0,0,0,0,0,0,0,0,0,0,monname_red,monname_red,monname_orange,monname_orange,monname_yellow,monname_grayyellow,monname_gray,monname_gray,monname_red,monname_yellow,monname_orange,monname_red
0,0,0,0,0,0,0,16837,576,0,15360,0,0,0,0,0,0,0,0,0,0,0,0,0,0,0,52429,0,0,0,0,0,52429,15360,0,0,0,0,0,0,0,0,0,0,0,monname_red,monname_red,monname_orange,monname_orange,monname_yellow,monname_grayyellow,monname_gray,monname_gray,monname_red,monname_yellow,monname_orange,monname_red
0,0,0,0,0,0,0,6048,25280,0,15360,0,0,0,0,0,0,0,0,0,0,0,0,0,0,0,52429,0,0,0,0,0,52429,15360,0,0,0,0,0,0,0,0,0,0,0,monname_red,monname_red,monname_orange,monname_orange,monname_yellow,monname_grayyellow,monname_gray,monname_gray,monname_red,monname_yellow,monname_orange,monname_red
0,0,0,0,0,0,0,2738,20096,0,15360,0,0,0,0,0,0,0,0,0,0,0,0,0,0,0,52429,0,0,0,0,0,52429,15360,0,0,0,0,0,0,0,0,0,0,0,monname_red,monname_red,monname_orange,monname_orange,monname_yellow,monname_grayyellow,monname_gray,monname_gray,monname_red,monname_yellow,monname_orange,monname_red
0,0,0,0,0,0,0,35578,47552,0,15360,0,0,0,0,0,0,0,0,0,0,0,0,0,0,0,52429,0,0,0,0,0,52429,15360,0,0,0,0,0,0,0,0,0,0,0,monname_red,monname_red,monname_orange,monname_orange,monname_yellow,monname_grayyellow,monname_gray,monname_gray,monname_red,monname_yellow,monname_orange,monname_red
0,0,0,0,0,0,0,40139,10720,0,15360,0,0,0,0,0,0,0,0,0,0,0,0,0,0,0,52429,0,0,0,0,0,52429,15360,0,0,0,0,0,0,0,0,0,0,0,monname_red,monname_red,monname_orange,monname_orange,monname_yellow,monname_grayyellow,monname_gray,monname_gray,monname_red,monname_yellow,monname_orange,monname_red
0,0,0,0,0,0,0,47919,44416,0,15360,0,0,0,0,0,0,0,0,0,0,0,0,0,0,0,52429,0,0,0,0,0,52429,15360,0,0,0,0,0,0,0,0,0,0,0,monname_red,monname_red,monname_orange,monname_orange,monname_yellow,monname_grayyellow,monname_gray,monname_gray,monname_red,monname_yellow,monname_orange,monname_red
0,0,0,0,0,0,0,58868,10080,0,15360,0,0,0,0,0,0,0,0,0,0,0,0,0,0,0,52429,0,0,0,0,0,52429,15360,0,0,0,0,0,0,0,0,0,0,0,monname_red,monname_red,monname_orange,monname_orange,monname_yellow,monname_grayyellow,monname_gray,monname_gray,monname_red,monname_yellow,monname_orange,monname_red
0,0,0,0,0,0,0,7474,42496,0,15360,0,0,0,0,0,0,0,0,0,0,0,0,0,0,0,52429,0,0,0,0,0,52429,15360,0,0,0,0,0,0,0,0,0,0,0,monname_red,monname_red,monname_orange,monname_orange,monname_yellow,monname_grayyellow,monname_gray,monname_gray,monname_red,monname_yellow,monname_orange,monname_red
0,0,0,0,0,0,0,24909,14464,0,15360,0,0,0,0,0,0,0,0,0,0,0,0,0,0,0,52429,0,0,0,0,0,52429,15360,0,0,0,0,0,0,0,0,0,0,0,monname_red,monname_red,monname_orange,monname_orange,monname_yellow,monname_grayyellow,monname_gray,monname_gray,monname_red,monname_yellow,monname_orange,monname_red
0,0,0,0,0,0,0,46300,20416,0,15360,0,0,0,0,0,0,0,0,0,0,0,0,0,0,0,52429,0,0,0,0,0,52429,15360,0,0,0,0,0,0,0,0,0,0,0,monname_red,monname_red,monname_orange,monname_orange,monname_yellow,monname_grayyellow,monname_gray,monname_gray,monname_red,monname_yellow,monname_orange,monname_red
0,0,0,0,0,0,0,5426,56832,0,15360,0,0,0,0,0,0,0,0,0,0,0,0,0,0,0,52429,0,0,0,0,0,52429,15360,0,0,0,0,0,0,0,0,0,0,0,monname_red,monname_red,monname_orange,monname_orange,monname_yellow,monname_grayyellow,monname_gray,monname_gray,monname_red,monname_yellow,monname_orange,monname_red
0,0,0,0,0,0,0,33461,32896,0,15360,0,0,0,0,0,0,0,0,0,0,0,0,0,0,0,52429,0,0,0,0,0,52429,15360,0,0,0,0,0,0,0,0,0,0,0,monname_red,monname_red,monname_orange,monname_orange,monname_yellow,monname_grayyellow,monname_gray,monname_gray,monname_red,monname_yellow,monname_orange,monname_red
0,0,0,0,0,0,0,64816,6272,0,15360,0,0,0,0,0,0,0,0,0,0,0,0,0,0,0,52429,0,0,0,0,0,52429,15360,0,0,0,0,0,0,0,0,0,0,0,monname_red,monname_red,monname_orange,monname_orange,monname_yellow,monname_grayyellow,monname_gray,monname_gray,monname_red,monname_yellow,monname_orange,monname_red
0,0,0,0,0,0,0,34057,50432,0,15360,0,0,0,0,0,0,0,0,0,0,0,0,0,0,0,52429,0,0,0,0,0,52429,15360,0,0,0,0,0,0,0,0,0,0,0,monname_red,monname_red,monname_orange,monname_orange,monname_yellow,monname_grayyellow,monname_gray,monname_gray,monname_red,monname_yellow,monname_orange,monname_red
0,0,0,0,0,0,0,6746,30336,0,15360,0,0,0,0,0,0,0,0,0,0,0,0,0,0,0,52429,0,0,0,0,0,52429,15360,0,0,0,0,0,0,0,0,0,0,0,monname_red,monname_red,monname_orange,monname_orange,monname_yellow,monname_grayyellow,monname_gray,monname_gray,monname_red,monname_yellow,monname_orange,monname_red
0,0,0,0,0,0,0,48363,7424,0,15360,0,0,0,0,0,0,0,0,0,0,0,0,0,0,0,52429,0,0,0,0,0,52429,15360,0,0,0,0,0,0,0,0,0,0,0,monname_red,monname_red,monname_orange,monname_orange,monname_yellow,monname_grayyellow,monname_gray,monname_gray,monname_red,monname_yellow,monname_orange,monname_red
0,0,0,0,0,0,0,27941,55392,0,15360,0,0,0,0,0,0,0,0,0,0,0,0,0,0,0,52429,0,0,0,0,0,52429,15360,0,0,0,0,0,0,0,0,0,0,0,monname_red,monname_red,monname_orange,monname_orange,monname_yellow,monname_grayyellow,monname_gray,monname_gray,monname_red,monname_yellow,monname_orange,monname_red
0,0,0,0,0,0,0,11725,8576,0,15360,0,0,0,0,0,0,0,0,0,0,0,0,0,0,0,52429,0,0,0,0,0,52429,15360,0,0,0,0,0,0,0,0,0,0,0,monname_red,monname_red,monname_orange,monname_orange,monname_yellow,monname_grayyellow,monname_gray,monname_gray,monname_red,monname_yellow,monname_orange,monname_red
0,0,0,0,0,0,0,64597,59392,0,15360,0,0,0,0,0,0,0,0,0,0,0,0,0,0,0,52429,0,0,0,0,0,52429,15360,0,0,0,0,0,0,0,0,0,0,0,monname_red,monname_red,monname_orange,monname_orange,monname_yellow,monname_grayyellow,monname_gray,monname_gray,monname_red,monname_yellow,monname_orange,monname_red
0,0,0,0,0,0,0,55510,45952,0,15360,0,0,0,0,0,0,0,0,0,0,0,0,0,0,0,52429,0,0,0,0,0,52429,15360,0,0,0,0,0,0,0,0,0,0,0,monname_red,monname_red,monname_orange,monname_orange,monname_yellow,monname_grayyellow,monname_gray,monname_gray,monname_red,monname_yellow,monname_orange,monname_red
0,0,0,0,0,0,0,50026,33792,0,15360,0,0,0,0,0,0,0,0,0,0,0,0,0,0,0,52429,0,0,0,0,0,52429,15360,0,0,0,0,0,0,0,0,0,0,0,monname_red,monname_red,monname_orange,monname_orange,monname_yellow,monname_grayyellow,monname_gray,monname_gray,monname_red,monname_yellow,monname_orange,monname_red
0,0,0,0,0,0,0,48087,18688,0,15360,0,0,0,0,0,0,0,0,0,0,0,0,0,0,0,52429,0,0,0,0,0,52429,15360,0,0,0,0,0,0,0,0,0,0,0,monname_red,monname_red,monname_orange,monname_orange,monname_yellow,monname_grayyellow,monname_gray,monname_gray,monname_red,monname_yellow,monname_orange,monname_red
0,0,0,0,0,0,0,49800,9056,0,15360,0,0,0,0,0,0,0,0,0,0,0,0,0,0,0,52429,0,0,0,0,0,52429,15360,0,0,0,0,0,0,0,0,0,0,0,monname_red,monname_red,monname_orange,monname_orange,monname_yellow,monname_grayyellow,monname_gray,monname_gray,monname_red,monname_yellow,monname_orange,monname_red
0,0,0,0,0,0,0,55190,704,0,15360,0,0,0,0,0,0,0,0,0,0,0,0,0,0,0,52429,0,0,0,0,0,52429,15360,0,0,0,0,0,0,0,0,0,0,0,monname_red,monname_red,monname_orange,monname_orange,monname_yellow,monname_grayyellow,monname_gray,monname_gray,monname_red,monname_yellow,monname_orange,monname_red
0,0,0,0,0,0,0,64282,59168,0,15360,0,0,0,0,0,0,0,0,0,0,0,0,0,0,0,52429,0,0,0,0,0,52429,15360,0,0,0,0,0,0,0,0,0,0,0,monname_red,monname_red,monname_orange,monname_orange,monname_yellow,monname_grayyellow,monname_gray,monname_gray,monname_red,monname_yellow,monname_orange,monname_red
0,0,0,0,0,0,0,12379,29504,0,15360,0,0,0,0,0,0,0,0,0,0,0,0,0,0,0,52429,0,0,0,0,0,52429,15360,0,0,0,0,0,0,0,0,0,0,0,monname_red,monname_red,monname_orange,monname_orange,monname_yellow,monname_grayyellow,monname_gray,monname_gray,monname_red,monname_yellow,monname_orange,monname_red
0,0,0,0,0,0,0,29770,25312,0,15360,0,0,0,0,0,0,0,0,0,0,0,0,0,0,0,52429,0,0,0,0,0,52429,15360,0,0,0,0,0,0,0,0,0,0,0,monname_red,monname_red,monname_orange,monname_orange,monname_yellow,monname_grayyellow,monname_gray,monname_gray,monname_red,monname_yellow,monname_orange,monname_red
0,0,0,0,0,0,0,50944,22400,0,15360,0,0,0,0,0,0,0,0,0,0,0,0,0,0,0,52429,0,0,0,0,0,52429,15360,0,0,0,0,0,0,0,0,0,0,0,monname_red,monname_red,monname_orange,monname_orange,monname_yellow,monname_grayyellow,monname_gray,monname_gray,monname_red,monname_yellow,monname_orange,monname_red
0,0,0,0,0,0,0,10390,20800,0,15360,0,0,0,0,0,0,0,0,0,0,0,0,0,0,0,52429,0,0,0,0,0,52429,15360,0,0,0,0,0,0,0,0,0,0,0,monname_red,monname_red,monname_orange,monname_orange,monname_yellow,monname_grayyellow,monname_gray,monname_gray,monname_red,monname_yellow,monname_orange,monname_red
0,0,0,0,0,0,0,39205,20448,0,15360,0,0,0,0,0,0,0,0,0,0,0,0,0,0,0,52429,0,0,0,0,0,52429,15360,0,0,0,0,0,0,0,0,0,0,0,monname_red,monname_red,monname_orange,monname_orange,monname_yellow,monname_grayyellow,monname_gray,monname_gray,monname_red,monname_yellow,monname_orange,monname_red
0,0,0,0,0,0,0,6343,21376,0,15360,0,0,0,0,0,0,0,0,0,0,0,0,0,0,0,52429,0,0,0,0,0,52429,15360,0,0,0,0,0,0,0,0,0,0,0,monname_red,monname_red,monname_orange,monname_orange,monname_yellow,monname_grayyellow,monname_gray,monname_gray,monname_red,monname_yellow,monname_orange,monname_red
0,0,0,0,0,0,0,42900,23584,0,15360,0,0,0,0,0,0,0,0,0,0,0,0,0,0,0,52429,0,0,0,0,0,52429,15360,0,0,0,0,0,0,0,0,0,0,0,monname_red,monname_red,monname_orange,monname_orange,monname_yellow,monname_grayyellow,monname_gray,monname_gray,monname_red,monname_yellow,monname_orange,monname_red
0,0,0,0,0,0,0,17829,27072,0,15360,0,0,0,0,0,0,0,0,0,0,0,0,0,0,0,52429,0,0,0,0,0,52429,15360,0,0,0,0,0,0,0,0,0,0,0,monname_red,monname_red,monname_orange,monname_orange,monname_yellow,monname_grayyellow,monname_gray,monname_gray,monname_red,monname_yellow,monname_orange,monname_red
0,0,0,0,0,0,0,63180,15104,0,15360,0,0,0,0,0,0,0,0,0,0,0,0,0,0,0,52429,0,0,0,0,0,52429,15360,0,0,0,0,0,0,0,0,0,0,0,monname_red,monname_red,monname_orange,monname_orange,monname_yellow,monname_grayyellow,monname_gray,monname_gray,monname_red,monname_yellow,monname_orange,monname_red
0,0,0,0,0,0,0,46960,21504,0,15360,0,0,0,0,0,0,0,0,0,0,0,0,0,0,0,52429,0,0,0,0,0,52429,15360,0,0,0,0,0,0,0,0,0,0,0,monname_red,monname_red,monname_orange,monname_orange,monname_yellow,monname_grayyellow,monname_gray,monname_gray,monname_red,monname_yellow,monname_orange,monname_red
0,0,0,0,0,0,0,34730,29184,0,15360,0,0,0,0,0,0,0,0,0,0,0,0,0,0,0,52429,0,0,0,0,0,52429,15360,0,0,0,0,0,0,0,0,0,0,0,monname_red,monname_red,monname_orange,monname_orange,monname_yellow,monname_grayyellow,monname_gray,monname_gray,monname_red,monname_yellow,monname_orange,monname_red
0,0,0,0,0,0,0,46026,38144,0,15360,0,0,0,0,0,0,0,0,0,0,0,0,0,0,0,52429,0,0,0,0,0,52429,15360,0,0,0,0,0,0,0,0,0,0,0,monname_red,monname_red,monname_orange,monname_orange,monname_yellow,monname_grayyellow,monname_gray,monname_gray,monname_red,monname_yellow,monname_orange,monname_red
0,0,0,0,0,0,0,11216,53024,0,15360,0,0,0,0,0,0,0,0,0,0,0,0,0,0,0,52429,0,0,0,0,0,52429,15360,0,0,0,0,0,0,0,0,0,0,0,monname_red,monname_red,monname_orange,monname_orange,monname_yellow,monname_grayyellow,monname_gray,monname_gray,monname_red,monname_yellow,monname_orange,monname_red
0,0,0,0,0,0,0,43974,64576,0,15360,0,0,0,0,0,0,0,0,0,0,0,0,0,0,0,52429,0,0,0,0,0,52429,15360,0,0,0,0,0,0,0,0,0,0,0,monname_red,monname_red,monname_orange,monname_orange,monname_yellow,monname_grayyellow,monname_gray,monname_gray,monname_red,monname_yellow,monname_orange,monname_red
0,0,0,0,0,0,0,13242,38704,0,15360,0,0,0,0,0,0,0,0,0,0,0,0,0,0,0,52429,0,0,0,0,0,52429,15360,0,0,0,0,0,0,0,0,0,0,0,monname_red,monname_red,monname_orange,monname_orange,monname_yellow,monname_grayyellow,monname_gray,monname_gray,monname_red,monname_yellow,monname_orange,monname_red
0,0,0,0,0,0,0,50150,15360,0,15360,0,0,0,0,0,0,0,0,0,0,0,0,0,0,0,52429,0,0,0,0,0,52429,15360,0,0,0,0,0,0,0,0,0,0,0,monname_red,monname_red,monname_orange,monname_orange,monname_yellow,monname_grayyellow,monname_gray,monname_gray,monname_red,monname_yellow,monname_orange,monname_red
0,0,0,0,0,0,0,24050,13696,0,15360,0,0,0,0,0,0,0,0,0,0,0,0,0,0,0,52429,0,0,0,0,0,52429,15360,0,0,0,0,0,0,0,0,0,0,0,monname_red,monname_red,monname_orange,monname_orange,monname_yellow,monname_grayyellow,monname_gray,monname_gray,monname_red,monname_yellow,monname_orange,monname_red
0,0,0,0,0,0,0,83,57376,0,15360,0,0,0,0,0,0,0,0,0,0,0,0,0,0,0,52429,0,0,0,0,0,52429,15360,0,0,0,0,0,0,0,0,0,0,0,monname_red,monname_red,monname_orange,monname_orange,monname_yellow,monname_grayyellow,monname_gray,monname_gray,monname_red,monname_yellow,monname_orange,monname_red
0,0,0,0,0,0,0,43750,33760,0,15360,0,0,0,0,0,0,0,0,0,0,0,0,0,0,0,52429,0,0,0,0,0,52429,15360,0,0,0,0,0,0,0,0,0,0,0,monname_red,monname_red,monname_orange,monname_orange,monname_yellow,monname_grayyellow,monname_gray,monname_gray,monname_red,monname_yellow,monname_orange,monname_red
0,0,0,0,0,0,0,24040,13216,0,15360,0,0,0,0,0,0,0,0,0,0,0,0,0,0,0,52429,0,0,0,0,0,52429,15360,0,0,0,0,0,0,0,0,0,0,0,monname_red,monname_red,monname_orange,monname_orange,monname_yellow,monname_grayyellow,monname_gray,monname_gray,monname_red,monname_yellow,monname_orange,monname_red
0,0,0,0,0,0,0,6455,56432,0,15360,0,0,0,0,0,0,0,0,0,0,0,0,0,0,0,52429,0,0,0,0,0,52429,15360,0,0,0,0,0,0,0,0,0,0,0,monname_red,monname_red,monname_orange,monname_orange,monname_yellow,monname_grayyellow,monname_gray,monname_gray,monname_red,monname_yellow,monname_orange,monname_red
0,0,0,0,0,0,0,56590,37216,0,15360,0,0,0,0,0,0,0,0,0,0,0,0,0,0,0,52429,0,0,0,0,0,52429,15360,0,0,0,0,0,0,0,0,0,0,0,monname_red,monname_red,monname_orange,monname_orange,monname_yellow,monname_grayyellow,monname_gray,monname_gray,monname_red,monname_yellow,monname_orange,monname_red
0,0,0,0,0,0,0,43338,16192,0,15360,0,0,0,0,0,0,0,0,0,0,0,0,0,0,0,52429,0,0,0,0,0,52429,15360,0,0,0,0,0,0,0,0,0,0,0,monname_red,monname_red,monname_orange,monname_orange,monname_yellow,monname_grayyellow,monname_gray,monname_gray,monname_red,monname_yellow,monname_orange,monname_red
0,0,0,0,0,0,0,32296,63808,0,15360,0,0,0,0,0,0,0,0,0,0,0,0,0,0,0,52429,0,0,0,0,0,52429,15360,0,0,0,0,0,0,0,0,0,0,0,monname_red,monname_red,monname_orange,monname_orange,monname_yellow,monname_grayyellow,monname_gray,monname_gray,monname_red,monname_yellow,monname_orange,monname_red
0,0,0,0,0,0,0,23961,5760,0,15360,0,0,0,0,0,0,0,0,0,0,0,0,0,0,0,52429,0,0,0,0,0,52429,15360,0,0,0,0,0,0,0,0,0,0,0,monname_red,monname_red,monname_orange,monname_orange,monname_yellow,monname_grayyellow,monname_gray,monname_gray,monname_red,monname_yellow,monname_orange,monname_red
0,0,0,0,0,0,0,17816,52368,0,15360,0,0,0,0,0,0,0,0,0,0,0,0,0,0,0,52429,0,0,0,0,0,52429,15360,0,0,0,0,0,0,0,0,0,0,0,monname_red,monname_red,monname_orange,monname_orange,monname_yellow,monname_grayyellow,monname_gray,monname_gray,monname_red,monname_yellow,monname_orange,monname_red
0,0,0,0,0,0,0,13923,36608,0,15360,0,0,0,0,0,0,0,0,0,0,0,0,0,0,0,52429,0,0,0,0,0,52429,15360,0,0,0,0,0,0,0,0,0,0,0,monname_red,monname_red,monname_orange,monname_orange,monname_yellow,monname_grayyellow,monname_gray,monname_gray,monname_red,monname_yellow,monname_orange,monname_red
0,0,0,0,0,0,0,12296,21520,0,15360,0,0,0,0,0,0,0,0,0,0,0,0,0,0,0,52429,0,0,0,0,0,52429,15360,0,0,0,0,0,0,0,0,0,0,0,monname_red,monname_red,monname_orange,monname_orange,monname_yellow,monname_grayyellow,monname_gray,monname_gray,monname_red,monname_yellow,monname_orange,monname_red
0,0,0,0,0,0,0,12897,4544,0,15360,0,0,0,0,0,0,0,0,0,0,0,0,0,0,0,52429,0,0,0,0,0,52429,15360,0,0,0,0,0,0,0,0,0,0,0,monname_red,monname_red,monname_orange,monname_orange,monname_yellow,monname_grayyellow,monname_gray,monname_gray,monname_red,monname_yellow,monname_orange,monname_red
0,0,0,0,0,0,0,15789,56320,0,15360,0,0,0,0,0,0,0,0,0,0,0,0,0,0,0,52429,0,0,0,0,0,52429,15360,0,0,0,0,0,0,0,0,0,0,0,monname_red,monname_red,monname_orange,monname_orange,monname_yellow,monname_grayyellow,monname_gray,monname_gray,monname_red,monname_yellow,monname_orange,monname_red
0,0,0,0,0,0,0,20985,43200,0,15360,0,0,0,0,0,0,0,0,0,0,0,0,0,0,0,52429,0,0,0,0,0,52429,15360,0,0,0,0,0,0,0,0,0,0,0,monname_red,monname_red,monname_orange,monname_orange,monname_yellow,monname_grayyellow,monname_gray,monname_gray,monname_red,monname_yellow,monname_orange,monname_red
0,0,0,0,0,0,0,29003,56640,0,15360,0,0,0,0,0,0,0,0,0,0,0,0,0,0,0,52429,0,0,0,0,0,52429,15360,0,0,0,0,0,0,0,0,0,0,0,monname_red,monname_red,monname_orange,monname_orange,monname_yellow,monname_grayyellow,monname_gray,monname_gray,monname_red,monname_yellow,monname_orange,monname_red
0,0,0,0,0,0,0,39354,45024,0,15360,0,0,0,0,0,0,0,0,0,0,0,0,0,0,0,52429,0,0,0,0,0,52429,15360,0,0,0,0,0,0,0,0,0,0,0,monname_red,monname_red,monname_orange,monname_orange,monname_yellow,monname_grayyellow,monname_gray,monname_gray,monname_red,monname_yellow,monname_orange,monname_red
0,0,0,0,0,0,0,52052,34080,0,15360,0,0,0,0,0,0,0,0,0,0,0,0,0,0,0,52429,0,0,0,0,0,52429,15360,0,0,0,0,0,0,0,0,0,0,0,monname_red,monname_red,monname_orange,monname_orange,monname_yellow,monname_grayyellow,monname_gray,monname_gray,monname_red,monname_yellow,monname_orange,monname_red
0,0,0,0,0,0,0,1573,23808,0,15360,0,0,0,0,0,0,0,0,0,0,0,0,0,0,0,52429,0,0,0,0,0,52429,15360,0,0,0,0,0,0,0,0,0,0,0,monname_red,monname_red,monname_orange,monname_orange,monname_yellow,monname_grayyellow,monname_gray,monname_gray,monname_red,monname_yellow,monname_orange,monname_red
0,0,0,0,0,0,0,19002,14192,0,15360,0,0,0,0,0,0,0,0,0,0,0,0,0,0,0,52429,0,0,0,0,0,52429,15360,0,0,0,0,0,0,0,0,0,0,0,monname_red,monname_red,monname_orange,monname_orange,monname_yellow,monname_grayyellow,monname_gray,monname_gray,monname_red,monname_yellow,monname_orange,monname_red
0,0,0,0,0,0,0,38817,5248,0,15360,0,0,0,0,0,0,0,0,0,0,0,0,0,0,0,52429,0,0,0,0,0,52429,15360,0,0,0,0,0,0,0,0,0,0,0,monname_red,monname_red,monname_orange,monname_orange,monname_yellow,monname_grayyellow,monname_gray,monname_gray,monname_red,monname_yellow,monname_orange,monname_red
0,0,0,0,0,0,0,61030,62496,0,15360,0,0,0,0,0,0,0,0,0,0,0,0,0,0,0,52429,0,0,0,0,0,52429,15360,0,0,0,0,0,0,0,0,0,0,0,monname_red,monname_red,monname_orange,monname_orange,monname_yellow,monname_grayyellow,monname_gray,monname_gray,monname_red,monname_yellow,monname_orange,monname_red
0,0,0,0,0,0,0,20118,54880,0,15360,0,0,0,0,0,0,0,0,0,0,0,0,0,0,0,52429,0,0,0,0,0,52429,15360,0,0,0,0,0,0,0,0,0,0,0,monname_red,monname_red,monname_orange,monname_orange,monname_yellow,monname_grayyellow,monname_gray,monname_gray,monname_red,monname_yellow,monname_orange,monname_red
0,0,0,0,0,0,0,47697,9600,0,15360,0,0,0,0,0,0,0,0,0,0,0,0,0,0,0,52429,0,0,0,0,0,52429,15360,0,0,0,0,0,0,0,0,0,0,0,monname_red,monname_red,monname_orange,monname_orange,monname_yellow,monname_grayyellow,monname_gray,monname_gray,monname_red,monname_yellow,monname_orange,monname_red
0,0,0,0,0,0,0,12181,3472,0,15360,0,0,0,0,0,0,0,0,0,0,0,0,0,0,0,52429,0,0,0,0,0,52429,15360,0,0,0,0,0,0,0,0,0,0,0,monname_red,monname_red,monname_orange,monname_orange,monname_yellow,monname_grayyellow,monname_gray,monname_gray,monname_red,monname_yellow,monname_orange,monname_red
0,0,0,0,0,0,0,44655,63552,0,15360,0,0,0,0,0,0,0,0,0,0,0,0,0,0,0,52429,0,0,0,0,0,52429,15360,0,0,0,0,0,0,0,0,0,0,0,monname_red,monname_red,monname_orange,monname_orange,monname_yellow,monname_grayyellow,monname_gray,monname_gray,monname_red,monname_yellow,monname_orange,monname_red
0,0,0,0,0,0,0,14059,58768,0,15360,0,0,0,0,0,0,0,0,0,0,0,0,0,0,0,52429,0,0,0,0,0,52429,15360,0,0,0,0,0,0,0,0,0,0,0,monname_red,monname_red,monname_orange,monname_orange,monname_yellow,monname_grayyellow,monname_gray,monname_gray,monname_red,monname_yellow,monname_orange,monname_red
0,0,0,0,0,0,0,51478,54656,0,15360,0,0,0,0,0,0,0,0,0,0,0,0,0,0,0,52429,0,0,0,0,0,52429,15360,0,0,0,0,0,0,0,0,0,0,0,monname_red,monname_red,monname_orange,monname_orange,monname_yellow,monname_grayyellow,monname_gray,monname_gray,monname_red,monname_yellow,monname_orange,monname_red
0,0,0,0,0,0,0,25854,51200,0,15360,0,0,0,0,0,0,0,0,0,0,0,0,0,0,0,52429,0,0,0,0,0,52429,15360,0,0,0,0,0,0,0,0,0,0,0,monname_red,monname_red,monname_orange,monname_orange,monname_yellow,monname_grayyellow,monname_gray,monname_gray,monname_red,monname_yellow,monname_orange,monname_red
0,0,0,0,0,0,0,2790,51184,0,15360,0,0,0,0,0,0,0,0,0,0,0,0,0,0,0,52429,0,0,0,0,0,52429,15360,0,0,0,0,0,0,0,0,0,0,0,monname_red,monname_red,monname_orange,monname_orange,monname_yellow,monname_grayyellow,monname_gray,monname_gray,monname_red,monname_yellow,monname_orange,monname_red
0,0,0,0,0,0,0,47780,49072,0,15360,0,0,0,0,0,0,0,0,0,0,0,0,0,0,0,52429,0,0,0,0,0,52429,15360,0,0,0,0,0,0,0,0,0,0,0,monname_red,monname_red,monname_orange,monname_orange,monname_yellow,monname_grayyellow,monname_gray,monname_gray,monname_red,monname_yellow,monname_orange,monname_red
0,0,0,0,0,0,0,30324,10624,0,15360,0,0,0,0,0,0,0,0,0,0,0,0,0,0,0,52429,0,0,0,0,0,52429,15360,0,0,0,0,0,0,0,0,0,0,0,monname_red,monname_red,monname_orange,monname_orange,monname_yellow,monname_grayyellow,monname_gray,monname_gray,monname_red,monname_yellow,monname_orange,monname_red
0,0,0,0,0,0,0,15416,10016,0,15360,0,0,0,0,0,0,0,0,0,0,0,0,0,0,0,52429,0,0,0,0,0,52429,15360,0,0,0,0,0,0,0,0,0,0,0,monname_red,monname_red,monname_orange,monname_orange,monname_yellow,monname_grayyellow,monname_gray,monname_gray,monname_red,monname_yellow,monname_orange,monname_red
0,0,0,0,0,0,0,3124,12896,0,15360,0,0,0,0,0,0,0,0,0,0,0,0,0,0,0,52429,0,0,0,0,0,52429,15360,0,0,0,0,0,0,0,0,0,0,0,monname_red,monname_red,monname_orange,monname_orange,monname_yellow,monname_grayyellow,monname_gray,monname_gray,monname_red,monname_yellow,monname_orange,monname_red
0,0,0,0,0,0,0,58942,13632,0,15360,0,0,0,0,0,0,0,0,0,0,0,0,0,0,0,52429,0,0,0,0,0,52429,15360,0,0,0,0,0,0,0,0,0,0,0,monname_red,monname_red,monname_orange,monname_orange,monname_yellow,monname_grayyellow,monname_gray,monname_gray,monname_red,monname_yellow,monname_orange,monname_red
0,0,0,0,0,0,0,51867,17888,0,15360,0,0,0,0,0,0,0,0,0,0,0,0,0,0,0,52429,0,0,0,0,0,52429,15360,0,0,0,0,0,0,0,0,0,0,0,monname_red,monname_red,monname_orange,monname_orange,monname_yellow,monname_grayyellow,monname_gray,monname_gray,monname_red,monname_yellow,monname_orange,monname_red
0,0,0,0,0,0,0,56465,19952,0,15360,0,0,0,0,0,0,0,0,0,0,0,0,0,0,0,52429,0,0,0,0,0,52429,15360,0,0,0,0,0,0,0,0,0,0,0,monname_red,monname_red,monname_orange,monname_orange,monname_yellow,monname_grayyellow,monname_gray,monname_gray,monname_red,monname_yellow,monname_orange,monname_red
0,0,0,0,0,0,0,55534,22688,0,15360,0,0,0,0,0,0,0,0,0,0,0,0,0,0,0,52429,0,0,0,0,0,52429,15360,0,0,0,0,0,0,0,0,0,0,0,monname_red,monname_red,monname_orange,monname_orange,monname_yellow,monname_grayyellow,monname_gray,monname_gray,monname_red,monname_yellow,monname_orange,monname_red
0,0,0,0,0,0,0,55946,28992,0,15360,0,0,0,0,0,0,0,0,0,0,0,0,0,0,0,52429,0,0,0,0,0,52429,15360,0,0,0,0,0,0,0,0,0,0,0,monname_red,monname_red,monname_orange,monname_orange,monname_yellow,monname_grayyellow,monname_gray,monname_gray,monname_red,monname_yellow,monname_orange,monname_red
0,0,0,0,0,0,0,57968,62976,0,15360,0,0,0,0,0,0,0,0,0,0,0,0,0,0,0,52429,0,0,0,0,0,52429,15360,0,0,0,0,0,0,0,0,0,0,0,monname_red,monname_red,monname_orange,monname_orange,monname_yellow,monname_grayyellow,monname_gray,monname_gray,monname_red,monname_yellow,monname_orange,monname_red
0,0,0,0,0,0,0,61348,5280,0,15360,0,0,0,0,0,0,0,0,0,0,0,0,0,0,0,52429,0,0,0,0,0,52429,15360,0,0,0,0,0,0,0,0,0,0,0,monname_red,monname_red,monname_orange,monname_orange,monname_yellow,monname_grayyellow,monname_gray,monname_gray,monname_red,monname_yellow,monname_orange,monname_red
0,0,0,0,0,0,0,526,10880,0,15360,0,0,0,0,0,0,0,0,0,0,0,0,0,0,0,52429,0,0,0,0,0,52429,15360,0,0,0,0,0,0,0,0,0,0,0,monname_red,monname_red,monname_orange,monname_orange,monname_yellow,monname_grayyellow,monname_gray,monname_gray,monname_red,monname_yellow,monname_orange,monname_red
0,0,0,0,0,0,0,6611,20096,0,15360,0,0,0,0,0,0,0,0,0,0,0,0,0,0,0,52429,0,0,0,0,0,52429,15360,0,0,0,0,0,0,0,0,0,0,0,monname_red,monname_red,monname_orange,monname_orange,monname_yellow,monname_grayyellow,monname_gray,monname_gray,monname_red,monname_yellow,monname_orange,monname_red
0,0,0,0,0,0,0,14043,27024,0,15360,0,0,0,0,0,0,0,0,0,0,0,0,0,0,0,52429,0,0,0,0,0,52429,15360,0,0,0,0,0,0,0,0,0,0,0,monname_red,monname_red,monname_orange,monname_orange,monname_yellow,monname_grayyellow,monname_gray,monname_gray,monname_red,monname_yellow,monname_orange,monname_red
0,0,0,0,0,0,0,22858,37616,0,15360,0,0,0,0,0,0,0,0,0,0,0,0,0,0,0,52429,0,0,0,0,0,52429,15360,0,0,0,0,0,0,0,0,0,0,0,monname_red,monname_red,monname_orange,monname_orange,monname_yellow,monname_grayyellow,monname_gray,monname_gray,monname_red,monname_yellow,monname_orange,monname_red
0,0,0,0,0,0,0,33064,48896,0,15360,0,0,0,0,0,0,0,0,0,0,0,0,0,0,0,52429,0,0,0,0,0,52429,15360,0,0,0,0,0,0,0,0,0,0,0,monname_red,monname_red,monname_orange,monname_orange,monname_yellow,monname_grayyellow,monname_gray,monname_gray,monname_red,monname_yellow,monname_orange,monname_red
0,0,0,0,0,0,0,44636,57856,0,15360,0,0,0,0,0,0,0,0,0,0,0,0,0,0,0,52429,0,0,0,0,0,52429,15360,0,0,0,0,0,0,0,0,0,0,0,monname_red,monname_red,monname_orange,monname_orange,monname_yellow,monname_grayyellow,monname_gray,monname_gray,monname_red,monname_yellow,monname_orange,monname_red
0,0,0,0,0,0,0,57918,36208,0,15360,0,0,0,0,0,0,0,0,0,0,0,0,0,0,0,52429,0,0,0,0,0,52429,15360,0,0,0,0,0,0,0,0,0,0,0,monname_red,monname_red,monname_orange,monname_orange,monname_yellow,monname_grayyellow,monname_gray,monname_gray,monname_red,monname_yellow,monname_orange,monname_red
0,0,0,0,0,0,0,7076,49728,0,15360,0,0,0,0,0,0,0,0,0,0,0,0,0,0,0,52429,0,0,0,0,0,52429,15360,0,0,0,0,0,0,0,0,0,0,0,monname_red,monname_red,monname_orange,monname_orange,monname_yellow,monname_grayyellow,monname_gray,monname_gray,monname_red,monname_yellow,monname_orange,monname_red
0,0,0,0,0,0,0,23188,63920,0,15360,0,0,0,0,0,0,0,0,0,0,0,0,0,0,0,52429,0,0,0,0,0,52429,15360,0,0,0,0,0,0,0,0,0,0,0,monname_red,monname_red,monname_orange,monname_orange,monname_yellow,monname_grayyellow,monname_gray,monname_gray,monname_red,monname_yellow,monname_orange,monname_red
0,0,0,0,0,0,0,40696,10208,0,15360,0,0,0,0,0,0,0,0,0,0,0,0,0,0,0,52429,0,0,0,0,0,52429,15360,0,0,0,0,0,0,0,0,0,0,0,monname_red,monname_red,monname_orange,monname_orange,monname_yellow,monname_grayyellow,monname_gray,monname_gray,monname_red,monname_yellow,monname_orange,monname_red
0,0,0,0,0,0,0,59636,25792,0,15360,0,0,0,0,0,0,0,0,0,0,0,0,0,0,0,52429,0,0,0,0,0,52429,15360,0,0,0,0,0,0,0,0,0,0,0,monname_red,monname_red,monname_orange,monname_orange,monname_yellow,monname_grayyellow,monname_gray,monname_gray,monname_red,monname_yellow,monname_orange,monname_red
0,0,0,0,0,0,0,14478,42048,0,15360,0,0,0,0,0,0,0,0,0,0,0,0,0,0,0,52429,0,0,0,0,0,52429,15360,0,0,0,0,0,0,0,0,0,0,0,monname_red,monname_red,monname_orange,monname_orange,monname_yellow,monname_grayyellow,monname_gray,monname_gray,monname_red,monname_yellow,monname_orange,monname_red
0,0,0,0,0,0,0,36303,59008,0,15360,0,0,0,0,0,0,0,0,0,0,0,0,0,0,0,52429,0,0,0,0,0,52429,15360,0,0,0,0,0,0,0,0,0,0,0,monname_red,monname_red,monname_orange,monname_orange,monname_yellow,monname_grayyellow,monname_gray,monname_gray,monname_red,monname_yellow,monname_orange,monname_red
0,0,0,0,0,0,0,59579,11104,0,15360,0,0,0,0,0,0,0,0,0,0,0,0,0,0,0,52429,0,0,0,0,0,52429,15360,0,0,0,0,0,0,0,0,0,0,0,monname_red,monname_red,monname_orange,monname_orange,monname_yellow,monname_grayyellow,monname_gray,monname_gray,monname_red,monname_yellow,monname_orange,monname_red
0,0,0,0,0,0,0,19067,58944,0,15360,0,0,0,0,0,0,0,0,0,0,0,0,0,0,0,52429,0,0,0,0,0,52429,15360,0,0,0,0,0,0,0,0,0,0,0,monname_red,monname_red,monname_orange,monname_orange,monname_yellow,monname_grayyellow,monname_gray,monname_gray,monname_red,monname_yellow,monname_orange,monname_red
0,0,0,0,0,0,0,45558,12592,0,15360,0,0,0,0,0,0,0,0,0,0,0,0,0,0,0,52429,0,0,0,0,0,52429,15360,0,0,0,0,0,0,0,0,0,0,0,monname_red,monname_red,monname_orange,monname_orange,monname_yellow,monname_grayyellow,monname_gray,monname_gray,monname_red,monname_yellow,monname_orange,monname_red
0,0,0,0,0,0,0,7987,32464,0,15360,0,0,0,0,0,0,0,0,0,0,0,0,0,0,0,52429,0,0,0,0,0,52429,15360,0,0,0,0,0,0,0,0,0,0,0,monname_red,monname_red,monname_orange,monname_orange,monname_yellow,monname_grayyellow,monname_gray,monname_gray,monname_red,monname_yellow,monname_orange,monname_red
0,0,0,0,0,0,0,37433,53040,0,15360,0,0,0,0,0,0,0,0,0,0,0,0,0,0,0,52429,0,0,0,0,0,52429,15360,0,0,0,0,0,0,0,0,0,0,0,monname_red,monname_red,monname_orange,monname_orange,monname_yellow,monname_grayyellow,monname_gray,monname_gray,monname_red,monname_yellow,monname_orange,monname_red
0,0,0,0,0,0,0,2831,8768,0,15360,0,0,0,0,0,0,0,0,0,0,0,0,0,0,0,52429,0,0,0,0,0,52429,15360,0,0,0,0,0,0,0,0,0,0,0,monname_red,monname_red,monname_orange,monname_orange,monname_yellow,monname_grayyellow,monname_gray,monname_gray,monname_red,monname_yellow,monname_orange,monname_red
0,0,0,0,0,0,0,35259,30720,0,15360,0,0,0,0,0,0,0,0,0,0,0,0,0,0,0,52429,0,0,0,0,0,52429,15360,0,0,0,0,0,0,0,0,0,0,0,monname_red,monname_red,monname_orange,monname_orange,monname_yellow,monname_grayyellow,monname_gray,monname_gray,monname_red,monname_yellow,monname_orange,monname_red
0,0,0,0,0,0,0,3652,59448,0,15360,0,0,0,0,0,0,0,0,0,0,0,0,0,0,0,52429,0,0,0,0,0,52429,15360,0,0,0,0,0,0,0,0,0,0,0,monname_red,monname_red,monname_orange,monname_orange,monname_yellow,monname_grayyellow,monname_gray,monname_gray,monname_red,monname_yellow,monname_orange,monname_red
0,0,0,0,0,0,0,39419,22496,0,15360,0,0,0,0,0,0,0,0,0,0,0,0,0,0,0,52429,0,0,0,0,0,52429,15360,0,0,0,0,0,0,0,0,0,0,0,monname_red,monname_red,monname_orange,monname_orange,monname_yellow,monname_grayyellow,monname_gray,monname_gray,monname_red,monname_yellow,monname_orange,monname_red
0,0,0,0,0,0,0,11167,34592,0,15360,0,0,0,0,0,0,0,0,0,0,0,0,0,0,0,52429,0,0,0,0,0,52429,15360,0,0,0,0,0,0,0,0,0,0,0,monname_red,monname_red,monname_orange,monname_orange,monname_yellow,monname_grayyellow,monname_gray,monname_gray,monname_red,monname_yellow,monname_orange,monname_red
0,0,0,0,0,0,0,49974,47040,0,15360,0,0,0,0,0,0,0,0,0,0,0,0,0,0,0,52429,0,0,0,0,0,52429,15360,0,0,0,0,0,0,0,0,0,0,0,monname_red,monname_red,monname_orange,monname_orange,monname_yellow,monname_grayyellow,monname_gray,monname_gray,monname_red,monname_yellow,monname_orange,monname_red
0,0,0,0,0,0,0,24774,59824,0,15360,0,0,0,0,0,0,0,0,0,0,0,0,0,0,0,52429,0,0,0,0,0,52429,15360,0,0,0,0,0,0,0,0,0,0,0,monname_red,monname_red,monname_orange,monname_orange,monname_yellow,monname_grayyellow,monname_gray,monname_gray,monname_red,monname_yellow,monname_orange,monname_red
0,0,0,0,0,0,0,1143,9072,0,15360,0,0,0,0,0,0,0,0,0,0,0,0,0,0,0,52429,0,0,0,0,0,52429,15360,0,0,0,0,0,0,0,0,0,0,0,monname_red,monname_red,monname_orange,monname_orange,monname_yellow,monname_grayyellow,monname_gray,monname_gray,monname_red,monname_yellow,monname_orange,monname_red
0,0,0,0,0,0,0,44592,22560,0,15360,0,0,0,0,0,0,0,0,0,0,0,0,0,0,0,52429,0,0,0,0,0,52429,15360,0,0,0,0,0,0,0,0,0,0,0,monname_red,monname_red,monname_orange,monname_orange,monname_yellow,monname_grayyellow,monname_gray,monname_gray,monname_red,monname_yellow,monname_orange,monname_red
0,0,0,0,0,0,0,24055,36392,0,15360,0,0,0,0,0,0,0,0,0,0,0,0,0,0,0,52429,0,0,0,0,0,52429,15360,0,0,0,0,0,0,0,0,0,0,0,monname_red,monname_red,monname_orange,monname_orange,monname_yellow,monname_grayyellow,monname_gray,monname_gray,monname_red,monname_yellow,monname_orange,monname_red
0,0,0,0,0,0,0,5075,50568,0,15360,0,0,0,0,0,0,0,0,0,0,0,0,0,0,0,52429,0,0,0,0,0,52429,15360,0,0,0,0,0,0,0,0,0,0,0,monname_red,monname_red,monname_orange,monname_orange,monname_yellow,monname_grayyellow,monname_gray,monname_gray,monname_red,monname_yellow,monname_orange,monname_red
0,0,0,0,0,0,0,53538,17168,0,15360,0,0,0,0,0,0,0,0,0,0,0,0,0,0,0,52429,0,0,0,0,0,52429,15360,0,0,0,0,0,0,0,0,0,0,0,monname_red,monname_red,monname_orange,monname_orange,monname_yellow,monname_grayyellow,monname_gray,monname_gray,monname_red,monname_yellow,monname_orange,monname_red
0,0,0,0,0,0,0,38070,33800,0,15360,0,0,0,0,0,0,0,0,0,0,0,0,0,0,0,52429,0,0,0,0,0,52429,15360,0,0,0,0,0,0,0,0,0,0,0,monname_red,monname_red,monname_orange,monname_orange,monname_yellow,monname_grayyellow,monname_gray,monname_gray,monname_red,monname_yellow,monname_orange,monname_red
0,0,0,0,0,0,0,24181,49112,0,15360,0,0,0,0,0,0,0,0,0,0,0,0,0,0,0,52429,0,0,0,0,0,52429,15360,0,0,0,0,0,0,0,0,0,0,0,monname_red,monname_red,monname_orange,monname_orange,monname_yellow,monname_grayyellow,monname_gray,monname_gray,monname_red,monname_yellow,monname_orange,monname_red
0,0,0,0,0,0,0,11878,64768,0,15360,0,0,0,0,0,0,0,0,0,0,0,0,0,0,0,52429,0,0,0,0,0,52429,15360,0,0,0,0,0,0,0,0,0,0,0,monname_red,monname_red,monname_orange,monname_orange,monname_yellow,monname_grayyellow,monname_gray,monname_gray,monname_red,monname_yellow,monname_orange,monname_red
0,0,0,0,0,0,0,1168,15232,0,15360,0,0,0,0,0,0,0,0,0,0,0,0,0,0,0,52429,0,0,0,0,0,52429,15360,0,0,0,0,0,0,0,0,0,0,0,monname_red,monname_red,monname_orange,monname_orange,monname_yellow,monname_grayyellow,monname_gray,monname_gray,monname_red,monname_yellow,monname_orange,monname_red
0,0,0,0,0,0,0,57626,33280,0,15360,0,0,0,0,0,0,0,0,0,0,0,0,0,0,0,52429,0,0,0,0,0,52429,15360,0,0,0,0,0,0,0,0,0,0,0,monname_red,monname_red,monname_orange,monname_orange,monname_yellow,monname_grayyellow,monname_gray,monname_gray,monname_red,monname_yellow,monname_orange,monname_red
0,0,0,0,0,0,0,50154,49976,0,15360,0,0,0,0,0,0,0,0,0,0,0,0,0,0,0,52429,0,0,0,0,0,52429,15360,0,0,0,0,0,0,0,0,0,0,0,monname_red,monname_red,monname_orange,monname_orange,monname_yellow,monname_grayyellow,monname_gray,monname_gray,monname_red,monname_yellow,monname_orange,monname_red
0,0,0,0,0,0,0,44295,1480,0,15360,0,0,0,0,0,0,0,0,0,0,0,0,0,0,0,52429,0,0,0,0,0,52429,15360,0,0,0,0,0,0,0,0,0,0,0,monname_red,monname_red,monname_orange,monname_orange,monname_yellow,monname_grayyellow,monname_gray,monname_gray,monname_red,monname_yellow,monname_orange,monname_red
0,0,0,0,0,0,0,40447,38904,0,15360,0,0,0,0,0,0,0,0,0,0,0,0,0,0,0,52429,0,0,0,0,0,52429,15360,0,0,0,0,0,0,0,0,0,0,0,monname_red,monname_red,monname_orange,monname_orange,monname_yellow,monname_grayyellow,monname_gray,monname_gray,monname_red,monname_yellow,monname_orange,monname_red
0,0,0,0,0,0,0,38227,56728,0,15360,0,0,0,0,0,0,0,0,0,0,0,0,0,0,0,52429,0,0,0,0,0,52429,15360,0,0,0,0,0,0,0,0,0,0,0,monname_red,monname_red,monname_orange,monname_orange,monname_yellow,monname_grayyellow,monname_gray,monname_gray,monname_red,monname_yellow,monname_orange,monname_red
0,0,0,0,0,0,0,37676,11104,0,15360,0,0,0,0,0,0,0,0,0,0,0,0,0,0,0,52429,0,0,0,0,0,52429,15360,0,0,0,0,0,0,0,0,0,0,0,monname_red,monname_red,monname_orange,monname_orange,monname_yellow,monname_grayyellow,monname_gray,monname_gray,monname_red,monname_yellow,monname_orange,monname_red
0,0,0,0,0,0,0,38767,29632,0,15360,0,0,0,0,0,0,0,0,0,0,0,0,0,0,0,52429,0,0,0,0,0,52429,15360,0,0,0,0,0,0,0,0,0,0,0,monname_red,monname_red,monname_orange,monname_orange,monname_yellow,monname_grayyellow,monname_gray,monname_gray,monname_red,monname_yellow,monname_orange,monname_red
0,0,0,0,0,0,0,41540,50248,0,15360,0,0,0,0,0,0,0,0,0,0,0,0,0,0,0,52429,0,0,0,0,0,52429,15360,0,0,0,0,0,0,0,0,0,0,0,monname_red,monname_red,monname_orange,monname_orange,monname_yellow,monname_grayyellow,monname_gray,monname_gray,monname_red,monname_yellow,monname_orange,monname_red
0,0,0,0,0,0,0,45969,3936,0,15360,0,0,0,0,0,0,0,0,0,0,0,0,0,0,0,52429,0,0,0,0,0,52429,15360,0,0,0,0,0,0,0,0,0,0,0,monname_red,monname_red,monname_orange,monname_orange,monname_yellow,monname_grayyellow,monname_gray,monname_gray,monname_red,monname_yellow,monname_orange,monname_red
32768,32768,32768,32768,32768,0,0,52095,25264,0,15360,0,0,0,0,0,0,0,0,0,0,0,0,0,0,0,52429,0,0,0,0,0,52429,15360,0,0,0,0,0,0,0,0,0,0,0,monname_red,monname_red,monname_orange,monname_orange,monname_yellow,monname_grayyellow,monname_gray,monname_gray,monname_red,monname_yellow,monname_orange,monname_red
0,0,0,0,0,0,0,59889,45184,0,15360,0,0,0,0,0,0,0,0,0,0,0,0,0,0,0,52429,0,0,0,0,0,52429,15360,0,0,0,0,0,0,0,0,0,0,0,monname_red,monname_red,monname_orange,monname_orange,monname_yellow,monname_grayyellow,monname_gray,monname_gray,monname_red,monname_yellow,monname_orange,monname_red
32768,32768,32768,32768,32768,0,0,34883,20704,0,15360,0,0,0,0,0,0,0,0,0,0,0,0,0,0,0,52429,0,0,0,0,0,52429,15360,0,0,0,0,0,0,0,0,0,0,0,monname_red,monname_red,monname_orange,monname_orange,monname_yellow,monname_grayyellow,monname_gray,monname_gray,monname_red,monname_yellow,monname_orange,monname_red
0,0,0,0,0,0,0,7895,41408,0,15360,0,0,0,0,0,0,0,0,0,0,0,0,0,0,0,52429,0,0,0,0,0,52429,15360,0,0,0,0,0,0,0,0,0,0,0,monname_red,monname_red,monname_orange,monname_orange,monname_yellow,monname_grayyellow,monname_gray,monname_gray,monname_red,monname_yellow,monname_orange,monname_red
32768,32768,32768,32768,32768,0,0,47307,64256,0,15360,0,0,0,0,0,0,0,0,0,0,0,0,0,0,0,52429,0,0,0,0,0,52429,15360,0,0,0,0,0,0,0,0,0,0,0,monname_red,monname_red,monname_orange,monname_orange,monname_yellow,monname_grayyellow,monname_gray,monname_gray,monname_red,monname_yellow,monname_orange,monname_red
0,0,0,0,0,0,0,22049,21920,0,15360,0,0,0,0,0,0,0,0,0,0,0,0,0,0,0,52429,0,0,0,0,0,52429,15360,0,0,0,0,0,0,0,0,0,0,0,monname_red,monname_red,monname_orange,monname_orange,monname_yellow,monname_grayyellow,monname_gray,monname_gray,monname_red,monname_yellow,monname_orange,monname_red
32768,32768,32768,32768,32768,0,0,63179,43672,0,15360,0,0,0,0,0,0,0,0,0,0,0,0,0,0,0,52429,0,0,0,0,0,52429,15360,0,0,0,0,0,0,0,0,0,0,0,monname_red,monname_red,monname_orange,monname_orange,monname_yellow,monname_grayyellow,monname_gray,monname_gray,monname_red,monname_yellow,monname_orange,monname_red
0,0,0,0,0,0,0,39647,2048,0,15360,0,0,0,0,0,0,0,0,0,0,0,0,0,0,0,52429,0,0,0,0,0,52429,15360,0,0,0,0,0,0,0,0,0,0,0,monname_red,monname_red,monname_orange,monname_orange,monname_yellow,monname_grayyellow,monname_gray,monname_gray,monname_red,monname_yellow,monname_orange,monname_red
32768,32768,32768,32768,32768,0,0,16992,26312,0,15360,0,0,0,0,0,0,0,0,0,0,0,0,0,0,0,52429,0,0,0,0,0,52429,15360,0,0,0,0,0,0,0,0,0,0,0,monname_red,monname_red,monname_orange,monname_orange,monname_yellow,monname_grayyellow,monname_gray,monname_gray,monname_red,monname_yellow,monname_orange,monname_red
0,0,0,0,0,0,0,60736,49120,0,15360,0,0,0,0,0,0,0,0,0,0,0,0,0,0,0,52429,0,0,0,0,0,52429,15360,0,0,0,0,0,0,0,0,0,0,0,monname_red,monname_red,monname_orange,monname_orange,monname_yellow,monname_grayyellow,monname_gray,monname_gray,monname_red,monname_yellow,monname_orange,monname_red
32768,32768,32768,32768,32768,0,0,40020,28280,0,15360,0,0,0,0,0,0,0,0,0,0,0,0,0,0,0,52429,0,0,0,0,0,52429,15360,0,0,0,0,0,0,0,0,0,0,0,monname_red,monname_red,monname_orange,monname_orange,monname_yellow,monname_grayyellow,monname_gray,monname_gray,monname_red,monname_yellow,monname_orange,monname_red
0,0,0,0,0,0,0,20193,53712,0,15360,0,0,0,0,0,0,0,0,0,0,0,0,0,0,0,52429,0,0,0,0,0,52429,15360,0,0,0,0,0,0,0,0,0,0,0,monname_red,monname_red,monname_orange,monname_orange,monname_yellow,monname_grayyellow,monname_gray,monname_gray,monname_red,monname_yellow,monname_orange,monname_red
32768,32768,32768,32768,32768,0,0,1257,13960,0,15360,0,0,0,0,0,0,0,0,0,0,0,0,0,0,0,52429,0,0,0,0,0,52429,15360,0,0,0,0,0,0,0,0,0,0,0,monname_red,monname_red,monname_orange,monname_orange,monname_yellow,monname_grayyellow,monname_gray,monname_gray,monname_red,monname_yellow,monname_orange,monname_red
0,0,0,0,0,0,0,48753,40104,0,15360,0,0,0,0,0,0,0,0,0,0,0,0,0,0,0,52429,0,0,0,0,0,52429,15360,0,0,0,0,0,0,0,0,0,0,0,monname_red,monname_red,monname_orange,monname_orange,monname_yellow,monname_grayyellow,monname_gray,monname_gray,monname_red,monname_yellow,monname_orange,monname_red
32768,32768,32768,32768,32768,0,0,31593,64744,0,15360,0,0,0,0,0,0,0,0,0,0,0,0,0,0,0,52429,0,0,0,0,0,52429,15360,0,0,0,0,0,0,0,0,0,0,0,monname_red,monname_red,monname_orange,monname_orange,monname_yellow,monname_grayyellow,monname_gray,monname_gray,monname_red,monname_yellow,monname_orange,monname_red
0,0,0,0,0,0,0,15336,26064,0,15360,0,0,0,0,0,0,0,0,0,0,0,0,0,0,0,52429,0,0,0,0,0,52429,15360,0,0,0,0,0,0,0,0,0,0,0,monname_red,monname_red,monname_orange,monname_orange,monname_yellow,monname_grayyellow,monname_gray,monname_gray,monname_red,monname_yellow,monname_orange,monname_red
32768,32768,32768,32768,32768,0,0,65520,53280,0,15360,0,0,0,0,0,0,0,0,0,0,0,0,0,0,0,52429,0,0,0,0,0,52429,15360,0,0,0,0,0,0,0,0,0,0,0,monname_red,monname_red,monname_orange,monname_orange,monname_yellow,monname_grayyellow,monname_gray,monname_gray,monname_red,monname_yellow,monname_orange,monname_red
0,0,0,0,0,0,0,51078,15312,0,15360,0,0,0,0,0,0,0,0,0,0,0,0,0,0,0,52429,0,0,0,0,0,52429,15360,0,0,0,0,0,0,0,0,0,0,0,monname_red,monname_red,monname_orange,monname_orange,monname_yellow,monname_grayyellow,monname_gray,monname_gray,monname_red,monname_yellow,monname_orange,monname_red
32768,32768,32768,32768,32768,0,0,37747,63680,0,15360,0,0,0,0,0,0,0,0,0,0,0,0,0,0,0,52429,0,0,0,0,0,52429,15360,0,0,0,0,0,0,0,0,0,0,0,monname_red,monname_red,monname_orange,monname_orange,monname_yellow,monname_grayyellow,monname_gray,monname_gray,monname_red,monname_yellow,monname_orange,monname_red
0,0,0,0,0,0,0,25334,26520,0,15360,0,0,0,0,0,0,0,0,0,0,0,0,0,0,0,52429,0,0,0,0,0,52429,15360,0,0,0,0,0,0,0,0,0,0,0,monname_red,monname_red,monname_orange,monname_orange,monname_yellow,monname_grayyellow,monname_gray,monname_gray,monname_red,monname_yellow,monname_orange,monname_red
32768,32768,32768,32768,32768,0,0,13842,55256,0,15360,0,0,0,0,0,0,0,0,0,0,0,0,0,0,0,52429,0,0,0,0,0,52429,15360,0,0,0,0,0,0,0,0,0,0,0,monname_red,monname_red,monname_orange,monname_orange,monname_yellow,monname_grayyellow,monname_gray,monname_gray,monname_red,monname_yellow,monname_orange,monname_red
0,0,0,0,0,0,0,3274,18816,0,15360,0,0,0,0,0,0,0,0,0,0,0,0,0,0,0,52429,0,0,0,0,0,52429,15360,0,0,0,0,0,0,0,0,0,0,0,monname_red,monname_red,monname_orange,monname_orange,monname_yellow,monname_grayyellow,monname_gray,monname_gray,monname_red,monname_yellow,monname_orange,monname_red
32768,32768,32768,32768,32768,0,0,59169,48264,0,15360,0,0,0,0,0,0,0,0,0,0,0,0,0,0,0,52429,0,0,0,0,0,52429,15360,0,0,0,0,0,0,0,0,0,0,0,monname_red,monname_red,monname_orange,monname_orange,monname_yellow,monname_grayyellow,monname_gray,monname_gray,monname_red,monname_yellow,monname_orange,monname_red
0,0,0,0,0,0,0,50460,12544,0,15360,0,0,0,0,0,0,0,0,0,0,0,0,0,0,0,52429,0,0,0,0,0,52429,15360,0,0,0,0,0,0,0,0,0,0,0,monname_red,monname_red,monname_orange,monname_orange,monname_yellow,monname_grayyellow,monname_gray,monname_gray,monname_red,monname_yellow,monname_orange,monname_red
32768,32768,32768,32768,32768,0,0,42685,42712,0,15360,0,0,0,0,0,0,0,0,0,0,0,0,0,0,0,52429,0,0,0,0,0,52429,15360,0,0,0,0,0,0,0,0,0,0,0,monname_red,monname_red,monname_orange,monname_orange,monname_yellow,monname_grayyellow,monname_gray,monname_gray,monname_red,monname_yellow,monname_orange,monname_red
0,0,0,0,0,0,0,36054,28768,0,15360,0,0,0,0,0,0,0,0,0,0,0,0,0,0,0,52429,0,0,0,0,0,52429,15360,0,0,0,0,0,0,0,0,0,0,0,monname_red,monname_red,monname_orange,monname_orange,monname_yellow,monname_grayyellow,monname_gray,monname_gray,monname_red,monname_yellow,monname_orange,monname_red
32768,32768,32768,32768,32768,0,0,30365,59744,0,15360,0,0,0,0,0,0,0,0,0,0,0,0,0,0,0,52429,0,0,0,0,0,52429,15360,0,0,0,0,0,0,0,0,0,0,0,monname_red,monname_red,monname_orange,monname_orange,monname_yellow,monname_grayyellow,monname_gray,monname_gray,monname_red,monname_yellow,monname_orange,monname_red
0,0,0,0,0,0,0,25623,25536,0,15360,0,0,0,0,0,0,0,0,0,0,0,0,0,0,0,52429,0,0,0,0,0,52429,15360,0,0,0,0,0,0,0,0,0,0,0,monname_red,monname_red,monname_orange,monname_orange,monname_yellow,monname_grayyellow,monname_gray,monname_gray,monname_red,monname_yellow,monname_orange,monname_red
32768,32768,32768,32768,32768,0,0,21830,57232,0,15360,0,0,0,0,0,0,0,0,0,0,0,0,0,0,0,52429,0,0,0,0,0,52429,15360,0,0,0,0,0,0,0,0,0,0,0,monname_red,monname_red,monname_orange,monname_orange,monname_yellow,monname_grayyellow,monname_gray,monname_gray,monname_red,monname_yellow,monname_orange,monname_red
0,0,0,0,0,0,0,18990,23744,0,15360,0,0,0,0,0,0,0,0,0,0,0,0,0,0,0,52429,0,0,0,0,0,52429,15360,0,0,0,0,0,0,0,0,0,0,0,monname_red,monname_red,monname_orange,monname_orange,monname_yellow,monname_grayyellow,monname_gray,monname_gray,monname_red,monname_yellow,monname_orange,monname_red
32768,32768,32768,32768,32768,0,0,17106,56160,0,15360,0,0,0,0,0,0,0,0,0,0,0,0,0,0,0,52429,0,0,0,0,0,52429,15360,0,0,0,0,0,0,0,0,0,0,0,monname_red,monname_red,monname_orange,monname_orange,monname_yellow,monname_grayyellow,monname_gray,monname_gray,monname_red,monname_yellow,monname_orange,monname_red
0,0,0,0,0,0,0,16182,23392,0,15360,0,0,0,0,0,0,0,0,0,0,0,0,0,0,0,52429,0,0,0,0,0,52429,15360,0,0,0,0,0,0,0,0,0,0,0,monname_red,monname_red,monname_orange,monname_orange,monname_yellow,monname_grayyellow,monname_gray,monname_gray,monname_red,monname_yellow,monname_orange,monname_red
32768,32768,32768,32768,32768,0,0,16242,58496,0,15360,0,0,0,0,0,0,0,0,0,0,0,0,0,0,0,52429,0,0,0,0,0,52429,15360,0,0,0,0,0,0,0,0,0,0,0,monname_red,monname_red,monname_orange,monname_orange,monname_yellow,monname_grayyellow,monname_gray,monname_gray,monname_red,monname_yellow,monname_orange,monname_red
0,0,0,0,0,0,0,17481,48232,0,15360,0,0,0,0,0,0,0,0,0,0,0,0,0,0,0,52429,0,0,0,0,0,52429,15360,0,0,0,0,0,0,0,0,0,0,0,monname_red,monname_red,monname_orange,monname_orange,monname_yellow,monname_grayyellow,monname_gray,monname_gray,monname_red,monname_yellow,monname_orange,monname_red
32768,32768,32768,32768,32768,0,0,19691,16640,0,15360,0,0,0,0,0,0,0,0,0,0,0,0,0,0,0,52429,0,0,0,0,0,52429,15360,0,0,0,0,0,0,0,0,0,0,0,monname_red,monname_red,monname_orange,monname_orange,monname_yellow,monname_grayyellow,monname_gray,monname_gray,monname_red,monname_yellow,monname_orange,monname_red
0,0,0,0,0,0,0,22877,50936,0,15360,0,0,0,0,0,0,0,0,0,0,0,0,0,0,0,52429,0,0,0,0,0,52429,15360,0,0,0,0,0,0,0,0,0,0,0,monname_red,monname_red,monname_orange,monname_orange,monname_yellow,monname_grayyellow,monname_gray,monname_gray,monname_red,monname_yellow,monname_orange,monname_red
32768,32768,32768,32768,32768,0,0,27060,22064,0,15360,0,0,0,0,0,0,0,0,0,0,0,0,0,0,0,52429,0,0,0,0,0,52429,15360,0,0,0,0,0,0,0,0,0,0,0,monname_red,monname_red,monname_orange,monname_orange,monname_yellow,monname_grayyellow,monname_gray,monname_gray,monname_red,monname_yellow,monname_orange,monname_red
0,0,0,0,0,0,0,32226,57088,0,15360,0,0,0,0,0,0,0,0,0,0,0,0,0,0,0,52429,0,0,0,0,0,52429,15360,0,0,0,0,0,0,0,0,0,0,0,monname_red,monname_red,monname_orange,monname_orange,monname_yellow,monname_grayyellow,monname_gray,monname_gray,monname_red,monname_yellow,monname_orange,monname_red
32768,32768,32768,32768,32768,0,0,38377,26928,0,15360,0,0,0,0,0,0,0,0,0,0,0,0,0,0,0,52429,0,0,0,0,0,52429,15360,0,0,0,0,0,0,0,0,0,0,0,monname_red,monname_red,monname_orange,monname_orange,monname_yellow,monname_grayyellow,monname_gray,monname_gray,monname_red,monname_yellow,monname_orange,monname_red
0,0,0,0,0,0,0,45517,62664,0,15360,0,0,0,0,0,0,0,0,0,0,0,0,0,0,0,52429,0,0,0,0,0,52429,15360,0,0,0,0,0,0,0,0,0,0,0,monname_red,monname_red,monname_orange,monname_orange,monname_yellow,monname_grayyellow,monname_gray,monname_gray,monname_red,monname_yellow,monname_orange,monname_red
32768,32768,32768,32768,32768,0,0,53669,35264,0,15360,0,0,0,0,0,0,0,0,0,0,0,0,0,0,0,52429,0,0,0,0,0,52429,15360,0,0,0,0,0,0,0,0,0,0,0,monname_red,monname_red,monname_orange,monname_orange,monname_yellow,monname_grayyellow,monname_gray,monname_gray,monname_red,monname_yellow,monname_orange,monname_red
0,0,0,0,0,0,0,63037,28688,0,15360,0,0,0,0,0,0,0,0,0,0,0,0,0,0,0,52429,0,0,0,0,0,52429,15360,0,0,0,0,0,0,0,0,0,0,0,monname_red,monname_red,monname_orange,monname_orange,monname_yellow,monname_grayyellow,monname_gray,monname_gray,monname_red,monname_yellow,monname_orange,monname_red
32768,32768,32768,32768,32768,0,0,7890,2112,0,15360,0,0,0,0,0,0,0,0,0,0,0,0,0,0,0,52429,0,0,0,0,0,52429,15360,0,0,0,0,0,0,0,0,0,0,0,monname_red,monname_red,monname_orange,monname_orange,monname_yellow,monname_grayyellow,monname_gray,monname_gray,monname_red,monname_yellow,monname_orange,monname_red
0,0,0,0,0,0,0,19283,39392,0,15360,0,0,0,0,0,0,0,0,0,0,0,0,0,0,0,52429,0,0,0,0,0,52429,15360,0,0,0,0,0,0,0,0,0,0,0,monname_red,monname_red,monname_orange,monname_orange,monname_yellow,monname_grayyellow,monname_gray,monname_gray,monname_red,monname_yellow,monname_orange,monname_red
